Date,Trips over the past 24-hours,Miles traveled today,Miles traveled to date,Total Annual Members (All Time),24-Hour Passes Purchased,7-Day Passes Purchased,3-Day Passes Purchased
1/1/2014,6559,9254,11243581,95971,268,10,0
1/2/2014,9334,11736,11255317,96000,66,3,0
1/3/2014,1288,1855,11257172,96042,1,1,0
1/4/2014,2494,3706,11260878,96065,14,1,0
1/5/2014,2937,3720,11264598,96084,17,4,0
1/6/2014,10481,13016,11277613,96102,30,7,0
1/7/2014,7144,8200,11285814,96124,5,4,0
1/8/2014,10162,11768,11297582,96152,28,4,0
1/9/2014,14571,18401,11315983,96171,74,10,0
1/10/2014,10685,13433,11329416,96189,49,5,0
1/11/2014,8333,10735,11340151,96225,101,16,0
1/12/2014,13549,19141,11359291,96247,350,22,0
1/13/2014,22377,30829,11390121,96276,224,31,0
1/14/2014,10849,13271,11403392,96348,45,4,0
1/15/2014,23500,32303,11435695,96391,241,30,0
1/16/2014,21528,28807,11464502,96453,208,37,0
1/17/2014,21840,30773,11495275,96509,282,34,0
1/18/2014,10222,14596,11509870,96576,176,15,0
1/19/2014,9768,13591,11523461,96616,194,13,0
1/20/2014,14581,20103,11543564,96654,133,11,0
1/21/2014,4171,5429,11548993,96701,5,1,0
1/22/2014,2762,4061,11553054,96733,4,3,0
1/23/2014,5743,8336,11561390,96741,9,1,0
1/24/2014,6901,9375,11570765,96757,15,6,0
1/25/2014,4716,6004,11576770,96770,34,0,0
1/26/2014,5462,6691,11583461,96784,37,6,0
1/27/2014,14304,18127,11601588,96804,55,18,0
1/28/2014,11066,13722,11615310,96830,18,7,0
1/29/2014,10838,13394,11628704,96852,21,6,0
1/30/2014,13198,16914,11645618,96885,42,7,0
1/31/2014,15886,21541,11667159,96912,130,10,0
2/1/2014,13797,20707,11687866,96935,349,29,0
2/2/2014,15009,22915,11710781,96958,449,10,0
2/3/2014,2839,3635,11714416,96998,4,2,0
2/4/2014,9551,12708,11727124,97025,37,2,0
2/5/2014,3076,4603,11731727,97046,8,1,0
2/6/2014,8227,12641,11744368,97061,25,9,0
2/7/2014,9473,14206,11758574,97082,36,5,0
2/8/2014,6640,9563,11768137,97094,71,1,0
2/9/2014,5527,7806,11775942,97109,47,6,0
2/10/2014,7643,10867,11786809,97128,16,3,0
2/11/2014,9258,12570,11799379,97154,22,4,0
2/12/2014,9531,12691,11812070,97174,24,3,0
2/13/2014,978,1725,11813795,97184,3,1,0
2/14/2014,4029,6586,11820381,97191,16,8,0
2/15/2014,2512,3834,11824215,97205,23,2,0
2/16/2014,3362,5063,11829278,97221,34,2,0
2/17/2014,5433,8226,11837504,97233,40,10,0
2/18/2014,5727,8393,11845896,97243,19,2,0
2/19/2014,9485,14086,11859983,97262,45,6,0
2/20/2014,12971,18707,11878690,97280,103,11,0
2/21/2014,9545,12423,11891113,97307,59,8,0
2/22/2014,14261,25945,11917058,97341,730,31,0
2/23/2014,14567,25298,11942356,97379,666,35,0
2/24/2014,14119,19238,11961594,97435,79,10,0
2/25/2014,14003,17699,11979293,97511,50,14,0
2/26/2014,12168,15039,11994332,97556,35,7,0
2/27/2014,13138,16042,12010374,97584,54,10,0
2/28/2014,10483,13017,12023391,97612,46,12,0
3/1/2014,9944,14364,12037756,97650,255,11,0
3/2/2014,9017,12288,12050044,97687,196,12,0
3/3/2014,8618,12020,12062064,97727,44,3,0
3/4/2014,11494,14473,12076537,97768,36,11,0
3/5/2014,14934,19147,12095684,97807,90,13,0
3/6/2014,13758,17120,12112804,97869,50,7,0
3/7/2014,14736,19809,12132613,97907,108,10,0
3/8/2014,18119,34814,12167427,97970,1211,46,0
3/9/2014,13300,20468,12187894,98052,496,32,0
3/10/2014,18844,25777,12213671,98146,206,30,0
3/11/2014,26436,41688,12255359,98261,574,66,0
3/12/2014,16273,21803,12277162,98448,153,21,0
3/13/2014,12164,15663,12292825,98572,55,7,0
3/14/2014,17745,23539,12316364,98639,209,14,0
3/15/2014,19664,35302,12351665,98716,1316,54,0
3/16/2014,10740,16054,12367720,98827,274,31,0
3/17/2014,13681,17722,12385442,98904,106,19,0
3/18/2014,18046,24985,12410427,98995,181,30,0
3/19/2014,14387,19079,12429506,99082,87,19,0
3/20/2014,21299,31018,12460523,99160,292,36,0
3/21/2014,22266,33189,12493712,99280,386,26,0
3/22/2014,21671,42206,12535919,99429,1525,55,0
3/23/2014,12846,19105,12555024,99563,451,19,0
3/24/2014,14729,18838,12573862,99678,105,20,0
3/25/2014,17388,22135,12595997,99762,108,19,0
3/26/2014,15538,19368,12615365,99841,91,16,0
3/27/2014,18166,25302,12640668,99913,164,17,0
3/28/2014,20025,29858,12670526,99991,255,29,0
3/29/2014,4870,6546,12677072,100072,142,0,0
3/30/2014,8645,13365,12690437,100127,209,15,0
3/31/2014,18686,26780,12717217,100220,276,47,0
4/1/2014,26163,40978,12758196,100337,475,67,0
4/2/2014,24299,35540,12793736,100511,237,33,0
4/3/2014,28379,44649,12838385,100629,596,63,0
4/4/2014,13593,17644,12856030,100800,103,10,0
4/5/2014,20333,36797,12892827,100892,1221,42,0
4/6/2014,22643,45575,12938402,101019,1641,62,0
4/7/2014,15869,21900,12960303,101184,159,36,0
4/8/2014,23636,34850,12995153,101315,369,44,0
4/9/2014,29194,45619,13040772,101441,447,57,0
4/10/2014,29722,46023,13086794,101642,525,65,0
4/11/2014,29283,49269,13136064,101814,632,83,0
4/12/2014,29773,63649,13199713,101954,2710,89,0
4/13/2014,29521,65746,13265459,102129,2411,109,0
4/14/2014,31732,57307,13322766,102357,993,114,0
4/15/2014,11370,14639,13337404,102623,73,19,0
4/16/2014,21713,31427,13368832,102751,279,50,0
4/17/2014,24190,36642,13405474,102883,470,53,0
4/18/2014,22409,33846,13439319,102996,628,60,0
4/19/2014,26541,59461,13498781,103094,2666,99,0
4/20/2014,20122,40814,13539595,103212,1639,84,0
4/21/2014,29618,50570,13590165,103366,839,105,0
4/22/2014,29580,45813,13635978,103642,560,58,0
4/23/2014,29341,44266,13680243,103811,358,68,0
4/24/2014,30515,48329,13728573,103984,646,95,0
4/25/2014,30299,49915,13778488,104144,767,56,0
4/26/2014,21785,42759,13821247,104270,1720,57,0
4/27/2014,24093,46188,13867436,104388,1616,84,0
4/28/2014,31279,51168,13918604,104544,744,94,0
4/29/2014,20003,26840,13945444,104720,160,24,0
4/30/2014,3093,3572,13949016,104840,15,0,0
5/1/2014,29448,51320,14000335,104903,780,94,0
5/2/2014,35590,60514,14060849,105041,1192,144,0
5/3/2014,28254,61950,14122799,105233,2440,150,0
5/4/2014,23450,43926,14166724,105385,1479,77,0
5/5/2014,33706,58904,14225628,105544,842,127,0
5/6/2014,35977,62455,14288083,105763,836,100,0
5/7/2014,36210,58617,14346700,105960,799,91,0
5/8/2014,19518,28900,14375600,106155,303,20,0
5/9/2014,24990,37118,14412718,106260,537,59,0
5/10/2014,24179,44945,14457663,106371,1617,74,0
5/11/2014,31551,71587,14529250,106504,2768,145,0
5/12/2014,35209,61465,14590714,106665,935,124,0
5/13/2014,36281,59204,14649918,106911,737,125,0
5/14/2014,33087,52063,14701982,107115,586,75,0
5/15/2014,28847,45347,14747329,107279,566,76,0
5/16/2014,19561,27664,14774993,107408,218,22,0
5/17/2014,33141,71372,14846365,107522,2968,141,0
5/18/2014,30026,61977,14908341,107652,2476,124,0
5/19/2014,34763,56666,14965008,107806,914,124,0
5/20/2014,38928,66578,15031586,108032,1145,141,0
5/21/2014,37493,61069,15092655,108226,897,115,0
5/22/2014,26753,39650,15132305,108372,470,40,0
5/23/2014,26895,42128,15174433,108493,793,84,0
5/24/2014,18503,35805,15210238,108601,1532,105,0
5/25/2014,28266,68798,15279036,108710,3535,144,0
5/26/2014,29819,70712,15349748,108825,3095,143,0
5/27/2014,36165,63451,15413199,108994,1196,162,0
5/28/2014,32666,49670,15462869,109247,533,79,0
5/29/2014,37184,60222,15523091,109411,930,108,0
5/30/2014,37875,65240,15588331,109555,1191,118,0
5/31/2014,30659,61976,15650307,109722,2305,129,0
6/1/2014,34597,75594,15725901,109861,2912,168,0
6/2/2014,38143,68186,15794087,110073,1099,150,0
6/3/2014,32504,52767,15846854,110350,702,119,0
6/4/2014,39747,66953,15913807,110588,950,135,0
6/5/2014,27165,44714,15958521,110758,692,81,0
6/6/2014,41291,72887,16031408,110904,1668,128,0
6/7/2014,34417,74549,16105957,111068,2888,165,0
6/8/2014,33432,73196,16179153,111184,2704,117,0
6/9/2014,20545,32252,16211405,111346,394,43,0
6/10/2014,36959,59916,16271321,111473,783,117,0
6/11/2014,33809,55193,16326514,111640,691,105,0
6/12/2014,32186,49272,16375786,111761,644,78,0
6/13/2014,20236,31146,16406932,111895,565,40,0
6/14/2014,31432,63830,16470762,112001,2442,129,0
6/15/2014,31029,65140,16535902,112107,2397,136,0
6/16/2014,38568,66964,16602866,112249,1080,153,0
6/17/2014,38963,66789,16669655,112449,978,124,0
6/18/2014,38984,64305,16733960,112622,905,139,0
6/19/2014,35327,58660,16792620,112783,812,92,0
6/20/2014,38827,78661,16871281,112896,1439,117,0
6/21/2014,33325,69714,16940995,113060,2951,149,0
6/22/2014,32300,65036,17006031,113154,2532,107,0
6/23/2014,36342,61529,17067560,113289,1024,167,0
6/24/2014,39886,66604,17134164,113482,939,136,0
6/25/2014,38035,60763,17194927,113655,868,137,0
6/26/2014,38610,63768,17258695,113784,1051,109,0
6/27/2014,39697,70902,17329597,113905,1573,147,0
6/28/2014,31684,65075,17394672,114020,2679,125,0
6/29/2014,30784,64706,17459378,114142,2450,125,0
6/30/2014,36854,61917,17521295,114260,1044,120,0
7/1/2014,37970,61170,17582465,114434,955,120,0
7/2/2014,28765,44192,17626657,114560,688,92,0
7/3/2014,30078,48573,17675230,114720,819,88,0
7/4/2014,14850,27905,17703135,114844,1196,77,0
7/5/2014,25116,55725,17758860,114892,2566,127,0
7/6/2014,26615,65358,17824218,114978,2392,111,0
7/7/2014,35075,59834,17884052,115092,905,160,0
7/8/2014,35734,57828,17941880,115287,740,120,0
7/9/2014,37588,60912,18002792,115446,879,127,0
7/10/2014,39779,66239,"18,069,031",115605,1052,115,0
7/11/2014,38416,65516,18134547,115711,1339,93,0
7/12/2014,31413,63664,18198211,115810,2697,115,0
7/13/2014,27089,50105,18248316,115914,1713,91,0
7/14/2014,28173,43222,18291538,116026,637,93,0
7/15/2014,24993,37092,18328630,116142,410,58,0
7/16/2014,38610,63616,18392246,116245,959,116,0
7/17/2014,41996,70061,18462307,116361,1114,110,0
7/18/2014,39526,69416,"18,531,723",116472,1502,148,0
7/19/2014,31943,64395,18596118,116551,2796,130,0
7/20/2014,33156,68542,18664660,116669,2767,146,0
7/21/2014,38963,64824,18729484,116812,1162,129,0
7/22/2014,40450,67081,18796565,116969,992,127,0
7/23/2014,37508,59956,18856521,117090,816,126,0
7/24/2014,40419,67584,18924105,117229,1064,109,0
7/25/2014,39768,68652,18992757,117340,1457,105,0
7/26/2014,29882,59645,19052402,117427,2428,92,0
7/27/2014,29669,58193,19110595,117530,2108,115,0
7/28/2014,36360,59567,"19,170,162",117703,877,150,0
7/29/2014,41198,68064,19238226,117930,1089,128,0
7/30/2014,41207,68127,19306353,118075,1116,99,0
7/31/2014,39282,65414,19371767,118204,1065,113,0
8/1/2014,35829,59202,19430969,118314,1192,93,0
8/2/2014,30013,60544,19490171,118408,2540,127,0
8/3/2014,27854,55867,19546038,118555,2146,96,0
8/4/2014,37408,63737,19609775,118704,1097,165,0
8/5/2014,38168,63957,19673732,118830,1059,119,0
8/6/2014,39942,66342,19740074,118938,1067,144,0
8/7/2014,39933,67398,19807472,119047,1083,129,0
8/8/2014,37367,64330,19871802,119137,1342,111,0
8/9/2014,35701,81003,19952805,119244,3814,151,0
8/10/2014,29339,61287,20014092,119351,2303,131,0
8/11/2014,36837,61708,20075800,119495,1167,132,0
8/12/2014,28591,41880,20117680,119584,526,90,0
8/13/2014,30698,49367,20167047,119693,661,98,0
8/14/2014,38863,67924,20234971,119789,1069,128,0
8/15/2014,35524,60015,20294986,119869,1198,117,0
8/16/2014,36127,83272,20378258,119962,4217,155,0
8/17/2014,30223,61390,20439648,120069,2344,121,0
8/18/2014,37851,64873,20504521,120227,1156,157,0
8/19/2014,38912,65883,20570404,120356,965,140,0
8/20/2014,39090,66900,20637304,120470,1057,110,0
8/21/2014,36917,62373,20699677,120598,960,107,0
8/22/2014,33147,54765,20754442,120688,863,81,0
8/23/2014,28956,57270,20811712,120769,2254,98,0
8/24/2014,30422,65005,20876717,120884,2528,125,0
8/25/2014,36244,60866,20937583,121050,1007,146,0
8/26/2014,37937,62487,21000070,121157,937,124,0
8/27/2014,36900,61488,21061558,121292,829,83,0
8/28/2014,37055,62402,21123960,121423,982,83,0
8/29/2014,34292,59371,21183331,121522,1329,109,0
8/30/2014,25239,52782,21236113,121610,2442,99,0
8/31/2014,20097,41594,21277707,121690,1952,89,0
9/1/2014,26055,51270,21328977,121809,2083,105,0
9/2/2014,34005,53842,21382819,121979,693,121,0
9/3/2014,38998,62736,21445555,122124,789,148,0
9/4/2014,40022,64563,21510118,122248,816,125,0
9/5/2014,38325,64421,21574539,122356,1111,121,0
9/6/2014,28290,51519,21626058,122438,1674,105,0
9/7/2014,32524,65394,21691452,122555,2222,115,0
9/8/2014,38091,60610,21752062,122697,818,118,0
9/9/2014,38101,59026,21811088,122818,620,99,0
9/10/2014,41634,69561,21880649,122915,981,104,0
9/11/2014,40864,65798,21946447,123006,844,90,0
9/12/2014,41341,75561,22022008,123111,1195,103,0
9/13/2014,19110,31600,22053608,123192,842,67,0
9/14/2014,31589,62963,22116571,123309,2290,117,0
9/15/2014,39044,64983,22181554,123421,858,118,0
9/16/2014,28285,43250,22224804,123521,484,61,0
9/17/2014,41347,67758,22292562,123636,916,121,0
9/18/2014,41145,67840,22360402,123718,887,115,0
9/19/2014,38162,62500,22422902,123796,979,90,0
9/20/2014,32951,64838,22487740,123850,2464,122,0
9/21/2014,28530,54319,22542059,123926,1693,90,0
9/22/2014,36624,59024,22601083,124044,748,84,0
9/23/2014,40105,66590,22667673,124124,841,106,0
9/24/2014,38976,62834,22730507,124230,719,100,0
9/25/2014,18282,26019,22756526,124291,165,24,0
9/26/2014,38394,66227,22822753,124376,1297,118,0
9/27/2014,33322,69724,22892477,124433,2712,118,0
9/28/2014,32080,64811,22957288,124532,2259,129,0
9/29/2014,36896,59305,23016593,124645,689,114,0
9/30/2014,39061,59970,23076563,124734,613,65,0
10/1/2014,31197,44612,23121175,124846,330,48,0
10/2/2014,38286,60639,23181814,124959,602,86,0
10/3/2014,38956,65739,23247553,125024,1276,107,0
10/4/2014,15088,24254,23271807,125058,617,26,0
10/5/2014,26247,48930,23320737,125109,1470,90,0
10/6/2014,35651,56380,23377117,125203,710,99,0
10/7/2014,36931,58740,23435857,125262,593,81,0
10/8/2014,37870,60594,23496451,125354,667,86,0
10/9/2014,36427,57865,23554316,125407,709,71,0
10/10/2014,34690,54690,23609006,125464,905,78,0
10/11/2014,14805,23278,23632284,125487,528,34,0
10/12/2014,26259,52781,23685064,125529,2083,80,0
10/13/2014,25616,40275,23725339,125589,749,60,0
10/14/2014,36529,61691,23787030,125651,869,101,0
10/15/2014,31784,49319,23836349,125703,506,82,0
10/16/2014,29845,47808,23884157,125763,499,61,0
10/17/2014,37759,64389,23948545,125816,1180,105,0
10/18/2014,27634,52554,24001099,125865,1806,63,0
10/19/2014,21017,35039,24036139,125914,1000,57,0
10/20/2014,30928,48030,24084168,125968,514,74,0
10/21/2014,34710,53960,24138128,126008,539,90,0
10/22/2014,10402,13894,24152022,126037,110,30,0
10/23/2014,14886,20446,24172468,126062,74,19,0
10/24/2014,33022,51151,24223619,126086,722,84,0
10/25/2014,27802,53881,24277499,126117,2093,83,0
10/26/2014,23077,41308,24318808,126166,1220,71,0
10/27/2014,31908,49892,24368754,126229,519,73,0
10/28/2014,36429,56602,24425356,126395,628,79,0
10/29/2014,32944,48378,24473733,126460,466,70,0
10/30/2014,34658,52162,24525895,126487,557,61,0
10/31/2014,30787,46834,24572729,126503,653,75,0
11/1/2014,6739,8703,24581432,126514,98,10,0
11/2/2014,15730,23106,24604538,126527,480,44,0
11/3/2014,29590,45368,24649906,126557,568,51,0
11/4/2014,34612,54306,24704213,126579,665,80,0
11/5/2014,33764,52464,24756677,126611,513,49,0
11/6/2014,13882,18743,24775420,126627,98,12,0
11/7/2014,28053,40163,24815583,126647,416,45,0
11/8/2014,19372,31589,24847172,126659,878,40,0
11/9/2014,20225,34251,24881423,126675,952,44,0
11/10/2014,30616,46768,24928191,126700,607,46,0
11/11/2014,32312,49461,24977651,126719,599,41,0
11/12/2014,30830,45234,25022886,126747,325,36,0
11/13/2014,22798,32395,25055281,126770,252,21,0
11/14/2014,23452,33240,25088520,126783,242,28,0
11/15/2014,15403,23774,25112295,126797,522,16,0
11/16/2014,14544,20645,25132940,126811,319,20,0
11/17/2014,8944,11294,25144234,126823,25,8,0
11/18/2014,18436,23704,25167938,126834,78,26,0
11/19/2014,18211,24052,25191989,126847,102,17,0
11/20/2014,22682,30878,25222867,126858,160,20,0
11/21/2014,19582,25533,25248400,126865,131,24,0
11/22/2014,13838,20211,25268611,126875,345,9,0
11/23/2014,17012,27503,25296114,126886,628,26,0
11/24/2014,25007,37873,25333986,126894,374,45,0
11/25/2014,27889,39495,25373481,126904,365,27,0
11/26/2014,4064,4997,25378478,126908,14,1,0
11/27/2014,4331,5954,25384432,126911,74,10,0
11/28/2014,9157,12743,25397175,126918,209,8,0
11/29/2014,8974,12808,25409983,126924,235,14,0
11/30/2014,13612,21244,25431227,126937,449,25,0
12/1/2014,20398,29977,25461204,126956,281,20,0
12/2/2014,16961,22343,25483547,126970,45,24,0
12/3/2014,15078,23083,25506630,126978,65,6,0
12/4/2014,23442,33077,25539707,126986,191,14,0
12/5/2014,17289,23200,25562908,126992,153,12,0
12/6/2014,4487,5787,25568695,127004,59,5,0
12/7/2014,11404,16007,25584702,127012,254,13,0
12/8/2014,17015,21665,25606367,127024,60,11,0
12/9/2014,7322,9458,25615825,127031,18,4,0
12/10/2014,11476,14590,25630415,127036,23,5,0
12/11/2014,19840,27417,25657832,127041,144,19,0
12/12/2014,19393,25689,25683521,127046,151,13,0
12/13/2014,13760,21276,25704797,127050,324,20,0
12/14/2014,13255,19351,25724148,127058,326,20,0
12/15/2014,21306,29232,25753380,127065,186,25,0
12/16/2014,18653,25116,25778496,127075,119,19,0
12/17/2014,22350,30878,25809373,127085,186,18,0
12/18/2014,20679,27451,25836824,127093,119,14,0
12/19/2014,18696,24828,25861652,127104,158,14,0
12/20/2014,10628,13747,25875399,127116,145,7,0
12/21/2014,9582,12740,25888139,127126,170,9,0
12/22/2014,14849,20321,25908460,127138,156,17,0
12/23/2014,10405,13946,25922406,127146,68,9,0
12/24/2014,4716,6183,25928589,127155,36,7,0
12/25/2014,5354,11023,25939612,127165,"	456	41",0,0
12/26/2014,10775,17715,25957327,127183,464,63,0
12/27/2014,11128,21130,25978457,127196,58,0,0
12/28/2014,8719,12978,25991435,127222,326,23,0
12/29/2014,14763,22499,26013934,127244,37,0,0
12/30/2014,13277,18112,26032046,127258,214,31,0
12/31/2014,10450,14560,26046606,127269,216,12,0
1/1/2015,5792,9191,26055797,127279,267,11,0
1/2/2015,12371,18222,26074019,127293,298,8,0
1/3/2015,4834,6282,26080301,127300,96,7,0
1/4/2015,8509,11700,26092001,127308,152,5,0
1/5/2015,15792,20022,26112023,127336,88,12,0
1/6/2015,9483,12003,26124026,127354,2,1,0
1/7/2015,10685,12791,26136817,127363,5,1,0
1/8/2015,9777,11667,26148484,127372,18,0,0
1/9/2015,8631,11093,26159577,127376,16,2,0
1/10/2015,6826,8189,26167766,127383,51,3,0
1/11/2015,8204,10199,26177965,127395,68,8,0
1/12/2015,9441,11589,26189554,127408,27,2,0
1/13/2015,14134,17429,26206983,127418,23,10,0
1/14/2015,14396,18105,26225088,127427,43,7,0
1/15/2015,15463,19803,26244891,127434,64,8,0
1/16/2015,15059,19084,26263975,127441,94,14,0
1/17/2015,8243,10818,26274793,127453,152,3,0
1/18/2015,2038,2435,26277228,127461,12,0,0
1/19/2015,11913,15733,26292961,127470,124,11,0
1/20/2015,17615,22740,26315701,127502,93,9,0
1/21/2015,16734,21228,26336929,127520,67,16,0
1/22/2015,17435,22630,26359559,127530,74,9,0
1/23/2015,17080,22248,26381807,127545,95,14,0
1/24/2015,5275,6723,26388530,127552,41,2,0
1/25/2015,10235,14421,26402951,127559,202,4,0
1/26/2015,4537,5979,26408930,127566,15,0,0
1/27/2015,1405,2343,26411273,127569,36,1,0
1/28/2015,6223,9907,26421180,127575,12,2,0
1/29/2015,9845,14171,26435351,127586,31,3,0
1/30/2015,9943,12945,26448296,127595,21,6,0
1/31/2015,5752,7328,26455624,127596,38,2,0
2/1/2015,7214,9186,26464810,127608,72,8,0
2/2/2015,1686,2635,26467445,127608,6,0,0
2/3/2015,5443,7816,26475261,127612,5,1,0
2/4/2015,9854,13775,26489036,127624,27,1,0
2/5/2015,9977,12607,26501643,127630,13,1,0
2/6/2015,9334,11948,26513591,127635,26,4,0
2/7/2015,7346,10045,26523636,127640,83,7,0
2/8/2015,7180,9671,26533307,127642,65,7,0
2/9/2015,5717,7234,26540541,127646,10,3,0
2/10/2015,11289,14526,26555067,127652,36,5,0
2/11/2015,12453,16204,26571271,127657,46,12,0
2/12/2015,12651,16248,26587519,127667,45,4,0
2/13/2015,8595,10773,26598292,127674,28,2,0
2/14/2015,5124,6392,26604684,127678,54,2,0
2/15/2015,2837,3289,26607973,127681,12,0,0
2/16/2015,4500,5423,26613396,127682,19,2,0
2/17/2015,5289,6869,26620265,127683,14,2,0
2/18/2015,10001,12995,26633260,127693,35,6,0
2/19/2015,8485,10080,26643340,127696,14,0,0
2/20/2015,6825,8056,26651396,127700,14,3,0
2/21/2015,3453,4164,26655560,127701,24,5,0
2/22/2015,4654,6648,26662208,127706,55,4,0
2/23/2015,8343,10519,26672727,127714,11,8,0
2/24/2015,8483,10675,26683402,127729,12,1,0
2/25/2015,12057,15655,26699057,127739,49,5,0
2/26/2015,11047,14744,26713801,127747,26,7,0
2/27/2015,10861,14313,26728114,127753,57,10,0
2/28/2015,6836,8975,26737089,127754,71,3,0
3/1/2015,3169,4042,26741131,127763,37,4,0
3/2/2015,8019,10767,26751898,127770,27,3,0
3/3/2015,7178,9430,26761328,127775,18,2,0
3/4/2015,8265,10842,26772170,127779,28,4,0
3/5/2015,1821,2604,26774774,127784,4,0,0
3/6/2015,5953,8248,26783022,127792,19,6,0
3/7/2015,6255,8849,26791871,127799,96,9,0
3/8/2015,8711,13701,26805572,127819,245,16,0
3/9/2015,16365,24159,26829731,127852,218,24,0
3/10/2015,13080,17626,26847357,127886,126,17,0
3/11/2015,21728,33446,26880803,127936,386,29,0
3/12/2015,19246,26931,26907734,127977,195,22,0
3/13/2015,17850,24699,26932433,128023,239,27,0
3/14/2015,4302,5592,26938025,128041,60,5,0
3/15/2015,9676,13635,26951660,128071,260,31,0
3/16/2015,18476,26091,26977751,128108,273,35,0
3/17/2015,16287,22462,27000213,128143,178,21,0
3/18/2015,15050,11465,27011678,128169,110,15,0
3/19/2015,16699,16176,27027854,128191,150,14,0
3/20/2015,8786,11465,27039319,128204,58,6,0
3/21/2015,10236,16176,27055495,128216,367,23,0
3/22/2015,10638,16098,27071593,128249,381,10,0
3/23/2015,14669,18957,27090550,128287,111,25,0
3/24/2015,17532,23581,27114131,128313,168,34,0
3/25/2015,15851,21456,27135587,128347,136,22,0
3/26/2015,16193,22876,27158463,128385,125,25,0
3/27/2015,15433,21520,27179983,128417,188,19,0
3/28/2015,1255,1562,27181545,128431,10,2,0
3/29/2015,10585,17373,27198918,128485,473,27,0
3/30/2015,19250,26828,27225746,128527,244,53,0
3/31/2015,15199,20532,27246278,128576,122,38,0
4/1/2015,21566,31708,27277986,128629,325,34,0
4/2/2015,26346,43134,27321120,128698,864,65,0
4/3/2015,15978,23643,27344763,128735,365,27,0
4/4/2015,15538,27764,27372527,128783,1029,46,0
4/5/2015,14962,29709,27402236,128846,1208,52,0
4/6/2015,25502,43529,27445765,128940,1065,73,0
4/7/2015,17640,24209,27469974,129003,270,33,0
4/8/2015,19223,26004,27495978,129047,276,30,0
4/9/2015,17723,23891,27519869,129081,163,20,0
4/10/2015,17648,25628,27545497,129124,289,37,0
4/11/2015,20451,39786,27585283,129193,1600,59,0
4/12/2015,21851,46764,27632047,129273,1951,87,0
4/13/2015,26980,43753,27675800,129377,603,73,0
4/14/2015,24452,36555,27712355,129451,334,53,0
4/15/2015,30184,49727,27762082,129541,733,84,0
4/16/2015,29273,45915,27807997,129639,617,57,0
4/17/2015,26164,42203,27850200,129717,671,81,0
4/18/2015,31024,71371,27921571,129802,3685,138,0
4/19/2015,23444,46416,27967987,129901,1851,103,0
4/20/2015,12080,16377,27984364,129974,96,23,0
4/21/2015,27057,43508,28027872,130039,608,88,0
4/22/2015,23893,35999,28063871,130109,374,51,0
4/23/2015,23886,34259,28098130,130168,311,61,0
4/24/2015,22605,32678,28130808,130211,421,37,0
4/25/2015,22963,46054,28176862,130293,2095,85,0
4/26/2015,23608,48664,28225526,130378,1999,128,0
4/27/2015,27657,43197,28268723,130486,609,99,0
4/28/2015,32481,54129,28322852,130575,893,98,0
4/29/2015,34427,59166,28382018,130671,1087,150,0
4/30/2015,31756,51077,28433095,130745,785,102,0
5/1/2015,30345,48736,28481831,130840,917,106,0
5/2/2015,28295,60188,28542019,130899,2799,138,0
5/3/2015,30446,69728,28611747,130992,3361,154,0
5/4/2015,35115,63531,28675278,131145,1397,191,0
5/5/2015,35990,60088,28735366,131284,987,145,0
5/6/2015,32788,50987,28786353,131366,712,90,0
5/7/2015,37762,64189,28850542,131496,1271,133,0
5/8/2015,37206,64255,28914797,131607,1596,170,0
5/9/2015,26813,51941,28966738,131677,2077,158,0
5/10/2015,28962,62364,29029102,131752,2444,189,0
5/11/2015,35068,57873,29086975,131884,1084,198,0
5/12/2015,38186,62939,29149914,131979,1103,179,0
5/13/2015,36162,57091,29207005,132074,891,119,0
5/14/2015,44429,80286,29287291,132158,4927,82,0
5/15/2015,37687,64660,29351951,132225,1665,181,0
5/16/2015,26142,50862,29402813,132293,2392,155,0
5/17/2015,34006,73458,29476271,132357,3499,189,0
5/18/2015,33527,53794,29530065,132470,1031,129,0
5/19/2015,36272,58026,29588091,132561,943,177,0
5/20/2015,36020,57290,29645381,132643,923,100,0
5/21/2015,33076,50277,29695658,132711,746,105,0
5/22/2015,33898,58351,29754009,132765,1356,150,0
5/23/2015,25985,56999,29811008,132798,2967,166,0
5/24/2015,27400,66211,29877219,132839,3689,156,0
5/25/2015,30636,69099,29946318,132914,3392,221,0
5/26/2015,38282,64504,30010822,133006,1202,188,0
5/27/2015,35952,57511,30068333,133080,879,124,0
5/28/2015,38291,61662,30129995,133153,1014,144,0
5/29/2015,40179,69343,30199338,133217,1648,134,0
5/30/2015,33503,69481,30268819,133265,3082,192,0
5/31/2015,21196,40580,30309399,133339,1606,105,0
6/1/2015,16079,20369,30329768,133401,162,41,0
6/2/2015,12706,15730,30345498,133453,75,35,0
6/3/2015,36345,58749,30404247,133535,1129,143,0
6/4/2015,34390,52792,30457039,133598,806,147,0
6/5/2015,32861,51079,30508118,133641,959,117,0
6/6/2015,27910,55613,30563731,133687,2457,144,0
6/7/2015,32881,71994,30635725,133752,3295,169,0
6/8/2015,35453,58140,30693865,133832,1045,168,0
6/9/2015,37322,59489,30753354,133896,889,140,0
6/10/2015,41386,69035,30822389,133964,1223,140,0
6/11/2015,39083,62993,30885382,134041,1060,137,0
6/12/2015,36801,60933,30946315,134109,1374,131,0
6/13/2015,31772,67103,31013418,134156,3045,168,0
6/14/2015,29829,62977,31076395,134220,2633,192,0
6/15/2015,26533,38705,31115100,134279,575,122,0
6/16/2015,33832,52864,31167964,134345,798,151,0
6/17/2015,40009,65208,31233172,134414,1145,160,0
6/18/2015,37326,56562,31289734,134468,792,144,0
6/19/2015,39350,66914,31356648,134516,1543,143,0
6/20/2015,24937,45872,31402520,134548,1747,125,0
6/21/2015,27486,55513,31458033,134602,2295,140,0
6/22/2015,39758,66659,31524692,134676,1282,202,0
6/23/2015,34182,52805,31577497,134743,824,147,0
6/24/2015,43484,73125,31650622,134818,1270,189,0
6/25/2015,41618,68362,31718984,134859,1166,135,0
6/26/2015,40599,68529,31787513,134908,1579,182,0
6/27/2015,16271,28233,31815746,134935,1143,65,0
6/28/2015,21588,42273,31858019,134975,1610,101,0
6/29/2015,39785,69309,31927328,135065,1452,196,0
6/30/2015,39839,65564,31992892,135136,1220,156,0
10/1/2015,34719,55662,38756427,150933,804,92,0
10/2/2015,9444,12111,38768538,150976,65,4,0
10/3/2015,16564,25241,38793779,151027,489,64,0
10/4/2015,30214,59317,38853096,151167,2005,127,0
10/5/2015,44581,78665,38931761,151361,1193,176,0
10/6/2015,49720,89905,39021666,151461,1328,167,0
10/7/2015,50141,89586,39111252,151579,1211,172,0
10/8/2015,50179,88959,39200211,151968,1436,180,0
10/9/2015,37283,65046,39265257,152132,1302,97,0
10/10/2015,39348,87575,39352832,152260,3864,206,0
10/11/2015,38967,92607,39445439,152421,4004,171,0
10/12/2015,45584,102884,39548323,153049,2452,189,0
10/13/2015,49047,101421,39649744,153382,1235,151,0
10/14/2015,50000,99751,39749495,153619,1069,150,0
10/15/2015,48783,96975,39846470,153784,1318,155,0
10/16/2015,46486,93266,39939736,153866,1522,118,0
10/17/2015,31811,70864,40010600,154026,2239,120,0
10/18/2015,23978,49590,40060190,154092,1141,75,0
10/19/2015,36570,66941,40127131,154422,661,116,0
10/20/2015,45377,89988,40217119,154499,1093,147,0
10/21/2015,49121,100309,40317428,154626,1339,162,0
10/22/2015,49604,100026,40417454,154799,1342,177,0
10/23/2015,44681,90710,40508164,154935,1429,123,0
10/24/2015,31713,71472,40579636,155028,2254,101,0
10/25/2015,29289,62798,40642434,155118,1761,90,0
10/26/2015,42166,81381,40723815,155296,1039,154,0
10/27/2015,44553,83174,40806989,155445,866,86,0
10/28/2015,20736,34040,40841029,155572,128,25,0
10/29/2015,45359,90367,40931396,155697,1179,167,0
10/30/2015,44521,90284,41021680,155873,1558,154,0
10/31/2015,31759,70082,41091762,156005,2206,145,0
11/1/2015,30622,66939,41158701,156096,2090,111,0
11/2/2015,44534,89099,41247800,156208,1316,190,0
11/3/2015,49326,100760,41348560,156301,1567,166,0
11/4/2015,49487,99144,41447704,156400,1217,139,0
11/5/2015,43006,81276,41528980,156499,849,108,0
11/6/2015,47162,95321,41624301,156561,1571,122,0
11/7/2015,35586,79866,41704167,156647,2643,149,0
11/8/2015,32318,73329,41777496,156743,2361,99,0
11/9/2015,42262,78410,41855906,156820,899,102,0
11/10/2015,21585,34847,41890753,156963,120,42,0
11/11/2015,37705,68696,41959449,157038,712,95,0
11/12/2015,37319,64556,42024005,157143,430,61,0
11/13/2015,38970,70190,42094195,157226,892,78,0
11/14/2015,25300,50403,42144598,157296,1349,72,0
11/15/2015,25991,54736,42199334,157392,1497,78,0
11/16/2015,40916,78389,42277723,157491,833,105,0
11/17/2015,38939,68151,42345874,157570,488,66,0
11/18/2015,41486,73030,42418904,157628,498,82,0
11/19/2015,21890,36884,42455788,157666,167,37,0
11/20/2015,38205,71192,42526980,157702,890,73,0
11/21/2015,28038,56288,42583268,157731,1572,65,0
11/22/2015,23344,44743,42628011,157781,905,39,0
11/23/2015,30136,51812,42679823,157830,382,43,0
11/24/2015,32218,53981,42733804,157870,392,43,0
11/25/2015,30295,55504,42789308,157893,636,54,0
11/26/2015,13291,35956,42825264,157907,1436,61,0
11/27/2015,22829,51342,42876606,157929,1859,78,0
11/28/2015,15832,32196,42908802,157952,1061,45,0
11/29/2015,18453,36854,42945656,157997,888,45,0
11/30/2015,30221,52674,42998330,158047,346,62,0
12/1/2015,18399,29273,43027603,158067,61,22,0
12/2/2015,23782,39484,43067087,158096,138,29,0
12/3/2015,33917,59184,43126271,158130,348,42,0
12/4/2015,34737,61717,43187988,158157,549,60,0
12/5/2015,26355,56227,43244215,158183,1638,66,0
12/6/2015,24942,52485,43296700,158214,1321,53,0
12/7/2015,34139,60929,43357629,158251,554,84,0
12/8/2015,35614,59619,43417248,158284,411,69,0
12/9/2015,35305,59954,43477202,158317,355,33,0
12/10/2015,39099,69925,43547127,158357,638,67,0
12/11/2015,39059,72153,43619280,158388,822,63,0
12/12/2015,31956,68858,43688138,158427,2192,51,0
12/13/2015,32001,72863,43761001,158468,2470,68,0
12/14/2015,32518,57195,43818196,158529,606,56,0
12/15/2015,38660,67753,43885949,158572,606,54,0
12/16/2015,35643,61011,43946960,158617,436,50,0
12/17/2015,21960,35033,43981993,158643,120,26,0
12/18/2015,30699,51270,44033263,158671,384,38,0
12/19/2015,17776,30995,44064258,158692,527,31,0
12/20/2015,17029,30624,44094882,158732,604,36,0
12/21/2015,29800,54373,44149255,158772,494,29,0
12/22/2015,22941,39410,44188665,158793,274,26,0
12/23/2015,14817,28228,44216893,158825,172,19,0
12/24/2015,18445,35231,44252124,158844,660,64,0
12/25/2015,12331,37829,44289953,158883,2171,84,0
12/26/2015,13912,30690,44320643,158933,1021,96,0
12/27/2015,13176,30096,44350739,158993,1064,83,0
12/28/2015,18889,39889,44390628,159046,756,69,0
12/29/2015,13347,24451,44415079,159081,211,36,0
12/30/2015,22476,43736,44458815,159148,888,57,0
12/31/2015,20375,40032,44498847,159215,1072,54,0
1/1/2016,11009,24429,44606414,159362,919,51,0
1/2/2016,14587,29093,44635507,159403,877,34,0
1/3/2016,15499,29616,44665123,159459,784,27,0
1/4/2016,19593,36172,44701295,159502,166,33,0
1/5/2016,18053,32049,44733344,159534,121,22,0
1/6/2016,24569,40996,44774340,159564,265,27,0
1/7/2016,27773,45986,44820326,159588,318,24,0
1/8/2016,28709,47061,44867387,159621,364,28,0
1/9/2016,20846,37341,44904728,159654,632,20,0
1/10/2016,14275,25404,44930132,159682,391,18,0
1/11/2016,22937,37393,44967525,159731,155,32,0
1/12/2016,25211,38958,45006483,159761,151,23,0
1/13/2016,21133,31608,45038091,159792,82,15,0
1/14/2016,23780,37295,45075386,159813,123,29,0
1/15/2016,28435,45993,45121379,159841,379,27,0
1/16/2016,19178,35791,45157170,159885,803,37,0
1/17/2016,12024,20487,45177657,159910,387,22,0
1/18/2016,12718,19998,45197655,159931,123,13,0
1/19/2016,17281,26966,45224621,159957,64,12,0
1/20/2016,23419,35477,45260098,159972,126,11,0
1/21/2016,23671,36048,45296146,159991,133,15,0
1/22/2016,20950,31344,45327490,160004,115,6,0
1/23/2016,0,0,45327490,160005,0,0,0
1/24/2016,0,0,45327490,160013,0,0,0
1/25/2016,0,0,45327490,160020,0,0,0
1/26/2016,0,0,45327490,160028,0,0,0
1/27/2016,6760,13698,45341188,160039,54,6,0
1/28/2016,11944,22314,45363502,160053,81,9,0
1/29/2016,16028,26896,45390398,160064,118,27,0
1/30/2016,12964,23350,45413748,160084,328,23,0
1/31/2016,16112,31280,45445028,160118,533,17,0
2/1/2016,24334,42380,45487408,160160,202,31,0
2/2/2016,28527,47742,45535150,160189,280,31,0
2/3/2016,16203,24225,45559375,160216,63,12,0
2/4/2016,27765,47458,45606833,160247,304,24,0
2/5/2016,13669,25538,45632371,160257,102,7,0
2/6/2016,16933,38782,45671153,160280,586,35,0
2/7/2016,17605,31524,45702677,160316,622,30,0
2/8/2016,19026,28648,45731325,160335,80,20,0
2/9/2016,22740,40198,45771523,160364,156,9,0
2/10/2016,22418,38402,45809925,160395,130,17,0
2/11/2016,18747,27783,45837708,160425,87,15,0
2/12/2016,16445,27143,45864851,160450,104,16,0
2/13/2016,6625,11589,45876440,160459,46,4,0
2/14/2016,4652,6934,45883374,160468,78,4,0
2/15/2016,5883,8747,45892121,160480,43,1,0
2/16/2016,14225,27802,45919923,160505,53,19,0
2/17/2016,23572,38304,45958227,160528,182,26,0
2/18/2016,22261,34431,45992658,160550,202,26,0
2/19/2016,21959,35317,46027975,160568,268,17,0
2/20/2016,24484,53540,46081515,160618,1710,50,0
2/21/2016,20052,41645,46123160,160685,1228,29,0
2/22/2016,28233,48237,46171397,160749,455,37,0
2/23/2016,16133,26379,46197776,160784,62,10,0
2/24/2016,9761,14994,46212770,160814,38,3,0
2/25/2016,25102,42707,46255477,160849,237,23,0
2/26/2016,22574,36101,46291578,160887,254,19,0
2/27/2016,17226,37583,46329161,160910,706,18,0
2/28/2016,25440,61595,46390756,160982,2335,43,0
2/29/2016,27957,47933,46438689,161089,376,58,0
3/1/2016,30509,55160,46493849,161146,470,66,0
3/2/2016,26195,43535,46537384,161198,235,35,0
3/3/2016,24061,37848,46575232,161243,215,22,0
3/4/2016,17369,29100,46604332,161268,150,16,0
3/5/2016,18023,36875,46641207,161310,785,46,0
3/6/2016,18832,36377,46677584,161379,837,40,0
3/7/2016,31492,56232,46733816,161493,633,58,0
3/8/2016,36521,67958,46801774,161604,723,98,0
3/9/2016,41489,81662,46883436,161732,1226,125,0
3/10/2016,42252,82079,46965515,161867,1271,111,0
3/11/2016,38193,76636,47042151,161987,1266,79,0
3/12/2016,32770,81491,47123642,162086,3247,105,0
3/13/2016,27549,63214,47186856,162214,2216,67,0
3/14/2016,10930,16498,47203354,162289,70,17,0
3/15/2016,31595,57722,47261076,162380,582,79,0
3/16/2016,36067,68713,47329789,162482,930,78,0
3/17/2016,35390,65353,47395142,162583,785,98,0
3/18/2016,34647,69122,47464264,162670,933,87,0
3/19/2016,24048,49113,47513377,162733,1411,69,0
3/20/2016,16676,29737,47543114,162795,633,40,0
3/21/2016,26414,44457,47587571,162890,428,57,0
3/22/2016,33496,62248,47649819,163000,705,99,0
3/23/2016,40981,80289,47730108,163136,1279,120,0
3/24/2016,36495,67590,47797698,163216,1045,101,0
3/25/2016,34091,70525,47868223,163320,1684,128,0
3/26/2016,27474,67267,47935490,163407,2834,108,0
3/27/2016,22481,52462,47987952,163501,2080,67,0
3/28/2016,20344,35548,48023500,163589,375,60,0
3/29/2016,31481,55067,48078567,163681,588,97,0
3/30/2016,33674,61264,48139831,163770,769,64,0
3/31/2016,38192,79447,48219278,163865,1141,91,0
4/1/2016,34448,67595,48286873,163963,1113,82,0
4/2/2016,21838,46206,48333079,164031,1193,63,0
4/3/2016,15321,28615,48361694,164102,448,31,0
4/4/2016,12302,20143,48381837,164167,49,19,0
4/5/2016,26236,43723,48425560,164237,341,56,0
4/6/2016,29364,48901,48474461,164310,443,37,0
4/7/2016,30400,54591,48529052,164366,280,65,0
4/8/2016,30811,53039,48582091,164425,542,51,0
4/9/2016,12698,21151,48603242,164455,346,21,0
4/10/2016,23228,49190,48652432,164536,1508,48,0
4/11/2016,32048,59206,48711638,164632,668,82,0
4/12/2016,23765,43504,48755142,164703,316,50,0
4/13/2016,37538,71788,48826930,164790,761,106,0
4/14/2016,38502,88278,48915208,164885,963,93,0
4/15/2016,39676,86981,49002189,164996,1273,118,0
4/16/2016,36148,102228,49104417,165139,3726,141,0
4/17/2016,38838,115805,49220222,165354,4348,190,0
4/18/2016,43989,102730,49322952,165576,1595,197,0
4/19/2016,46075,107515,49430467,165812,1130,184,0
4/20/2016,44542,104249,49534716,166002,1160,116,0
4/21/2016,45568,104484,49639200,166153,1307,149,0
4/22/2016,48806,113556,49752756,166319,4230,105,0
4/23/2016,33631,96274,49849030,166462,3309,155,0
4/24/2016,37862,115132,49964162,166692,4026,177,0
4/25/2016,42303,100925,50065087,166902,1698,170,0
4/26/2016,34639,75454,50140541,167048,741,97,0
4/27/2016,41931,93272,50233813,167196,1395,110,0
4/28/2016,37428,74857,50308670,167311,927,95,0
4/29/2016,34878,78020,50386690,167439,1051,122,0
4/30/2016,38258,110776,50497466,167638,4244,165,0
5/1/2016,10697,29020,50526486,167721,260,24,0
5/2/2016,38536,84418,50610904,167842,967,152,0
5/3/2016,22858,57652,50668556,167987,350,45,0
5/4/2016,31619,67962,50736518,168111,449,84,0
5/5/2016,39903,80750,50817268,168262,970,107,0
5/6/2016,18860,42069,50859337,168326,275,45,0
5/7/2016,31078,78977,50938314,168427,2293,133,0
5/8/2016,31197,84464,51022778,168582,2773,157,0
5/9/2016,45724,103071,51125849,168779,1389,195,0
5/10/2016,44849,89755,51215604,168979,876,133,0
5/11/2016,51181,106139,51321743,169209,1531,147,0
5/12/2016,52273,115823,51437566,169407,1971,169,0
5/13/2016,32391,68317,51505883,169570,855,92,0
5/14/2016,42063,108807,51614690,169769,4186,212,0
5/15/2016,28662,64857,51679547,169933,1865,116,0
5/16/2016,42787,94791,51774338,170102,1362,186,0
5/17/2016,43396,80744,51855082,170276,1012,154,0
5/18/2016,44803,93320,51948402,170465,1120,121,0
5/19/2016,49184,104291,52052693,170680,1471,0,151
5/20/2016,52544,118192,52170885,170960,2349,0,184
5/21/2016,30524,72663,52243548,171147,2174,0,138
5/22/2016,37804,98270,52341818,171349,3159,0,131
5/23/2016,48578,109072,52450890,171680,1549,0,177
5/24/2016,34799,68156,52519046,171898,696,0,98
5/25/2016,53441,125803,52644849,172154,1702,0,191
5/26/2016,52134,124751,52769600,172386,1646,0,195
5/27/2016,46943,106768,52876368,172638,1988,0,221
5/28/2016,34233,95897,52972265,172831,3634,0,296
5/29/2016,36881,114069,53086334,173090,4820,0,161
5/30/2016,32627,94241,53180575,173422,2782,0,134
5/31/2016,49774,106059,53286634,174137,1492,0,212
6/1/2016,54662,127143,53413777,174344,1513,0,156
6/2/2016,54401,124918,53538695,174516,1649,0,162
6/3/2016,38975,85292,53623987,174633,1023,0,118
6/4/2016,40973,107610,53731597,174797,3824,0,159
6/5/2016,22395,54320,53785917,174912,1133,0,57
6/6/2016,52130,123879,53909796,175118,1861,0,208
6/7/2016,51761,114761,54024557,175293,1331,0,127
6/8/2016,42063,89460,54114017,175420,673,0,74
6/9/2016,52885,127585,54241602,175557,1556,0,168
6/10/2016,53235,119143,54360745,175697,2022,0,207
6/11/2016,40980,111784,54472529,175901,3432,0,126
6/12/2016,40636,117814,54590343,176087,3335,0,173
6/13/2016,49069,110720,54701063,176273,1364,0,200
6/14/2016,54813,116030,54817093,176467,1471,0,153
6/15/2016,55049,122197,54939290,176711,1524,0,154
6/16/2016,46198,100175,55039465,176865,1104,0,144
6/17/2016,54236,121671,55161136,177053,2677,0,155
6/18/2016,48901,143869,55305005,177210,6432,0,158
6/19/2016,45270,137558,55442563,177370,5555,0,151
6/20/2016,52247,119765,55562328,177660,1488,0,211
6/21/2016,53564,116215,55678543,177895,1331,0,144
6/22/2016,55749,119611,55798154,178168,1476,0,157
6/23/2016,53206,115262,55913416,178354,1253,0,160
6/24/2016,54186,123440,56036856,178545,2142,0,224
6/25/2016,43000,123815,56160671,178715,4069,0,176
6/26/2016,42992,117472,56278143,178893,3784,0,156
6/27/2016,47023,100253,56378396,179061,1400,0,164
6/28/2016,49593,99918,56478314,179215,1099,0,114
6/29/2016,54882,114793,56593107,179403,1402,0,128
6/30/2016,54843,125575,56718682,179625,1571,0,141
7/1/2016,39665,82871,56801553,179756,1316,0,139
7/2/2016,35835,111151,56912704,179903,3596,0,314
7/3/2016,35347,111116,57023820,180016,4095,0,169
7/4/2016,34859,109745,57133565,180158,3826,0,155
7/5/2016,43736,92107,57225672,180338,1357,0,160
7/6/2016,51336,109240,57334912,180540,1288,0,153
7/7/2016,48724,99975,57434887,180725,1255,0,113
7/8/2016,44400,91632,57526519,180852,1258,0,152
7/9/2016,38138,107359,57633878,180990,2844,0,145
7/10/2016,41985,123282,57757160,181172,3280,0,137
7/11/2016,52853,122260,57879420,181381,1440,0,211
7/12/2016,56515,120414,57999834,181571,1472,0,192
7/13/2016,55471,121029,58120863,181748,1510,0,146
7/14/2016,50345,108541,58229404,181877,1326,0,126
7/15/2016,48558,104701,58334105,182016,1709,0,173
7/16/2016,38405,103429,58437534,182144,3281,0,122
7/17/2016,41346,120635,58558169,182314,3440,0,153
7/18/2016,43681,97216,58655385,182488,1062,0,154
7/19/2016,54587,116806,58772191,182624,1498,0,139
7/20/2016,57213,128799,58900990,182792,1601,0,158
7/21/2016,54832,128476,59029466,182950,1553,0,161
7/22/2016,49185,105666,59135132,183072,1701,0,176
7/23/2016,37522,101810,59236942,183177,2932,0,138
7/24/2016,39634,113680,59350622,183332,2966,0,114
7/25/2016,35376,85145,59435767,183473,920,0,150
7/26/2016,52904,108783,59544550,183595,1385,0,168
7/27/2016,54148,115744,59660294,183731,1403,0,132
7/28/2016,50134,98694,59758988,183846,1292,0,123
7/29/2016,37693,81355,59840343,183937,1441,0,162
7/30/2016,27780,72197,59912540,184039,2242,0,112
7/31/2016,27651,70377,59982917,184157,1641,0,82
8/1/2016,49395,101134,60084051,184325,1359,0,166
8/2/2016,56744,116187,60200238,184558,1636,0,181
8/3/2016,56992,118370,60318608,184766,1827,0,143
8/4/2016,56587,118563,60437171,184960,1778,0,148
8/5/2016,53286,116534,60553705,185186,2012,0,185
8/6/2016,44209,125188,60678893,185436,4159,0,153
8/7/2016,43631,116183,60795076,185682,3856,0,149
8/8/2016,52251,115847,60910923,185956,1753,0,184
8/9/2016,56101,114892,61025815,186223,1701,0,165
8/10/2016,50100,101761,61127576,186401,1158,0,109
8/11/2016,47420,93639,61221215,186596,1238,0,152
8/12/2016,44729,90685,61311900,186771,1467,0,144
8/13/2016,38903,100035,61411935,186990,3333,0,125
8/14/2016,32961,74055,61485990,187173,2154,0,91
8/15/2016,49056,107305,61593295,187394,1417,0,175
8/16/2016,50411,103010,61696305,187601,1295,0,164
8/17/2016,53983,113583,61809888,187820,1430,0,138
8/18/2016,53209,115041,61924929,187998,1459,0,163
8/19/2016,51658,110723,62035652,188186,1862,0,175
8/20/2016,45808,138864,62174516,188499,4385,0,167
8/21/2016,35041,96941,62271457,188725,2664,0,127
8/22/2016,54201,118995,62390452,188996,1679,0,192
8/23/2016,58665,127012,62517464,189297,1675,0,170
8/24/2016,58134,127066,62644530,189577,1597,0,160
8/25/2016,53480,111985,62756515,189856,1436,0,169
8/26/2016,52026,112005,62868520,190156,1878,0,197
8/27/2016,45673,120578,62989098,190480,3767,0,173
8/28/2016,44639,121056,63110154,190844,3560,0,159
8/29/2016,53279,115101,63225255,191255,1530,0,174
8/30/2016,57392,121098,63346353,191713,1510,0,160
8/31/2016,57200,118815,63465168,192380,1320,0,136
9/1/2016,38174,77415,63542583,192592,714,0,104
9/2/2016,52999,126790,63669373,192814,2314,0,252
9/3/2016,41629,117476,63786849,193055,4009,0,268
9/4/2016,46020,140347,63927196,193326,5467,0,185
9/5/2016,45431,118022,64045218,193677,3778,0,190
9/6/2016,52432,108743,64153961,194065,1018,0,178
9/7/2016,60278,130391,64284352,194396,1328,0,199
9/8/2016,61551,130259,64414611,194674,1511,0,179
9/9/2016,56804,118213,64532824,194908,1582,0,178
9/10/2016,48454,127252,64660076,195189,3549,0,229
9/11/2016,52238,136353,64796429,195499,3572,0,216
9/12/2016,61083,127447,64923876,195832,1620,0,225
9/13/2016,64818,135366,65059242,196122,1462,0,198
9/14/2016,58928,121511,65180753,196388,1369,0,157
9/15/2016,67312,140436,65321189,196637,1612,0,240
9/16/2016,65257,145454,65466643,196886,2047,0,225
9/17/2016,59199,154037,65620680,197163,5117,0,210
9/18/2016,51685,131788,65752468,197449,3191,0,159
9/19/2016,34205,67180,65819648,197620,555,0,101
9/20/2016,64881,135085,65954733,197880,1454,0,200
9/21/2016,65453,142356,66097089,198118,1566,0,182
9/22/2016,67762,146370,66243459,198363,1681,0,207
9/23/2016,65499,142458,66385917,198577,2053,0,248
9/24/2016,53258,137355,66523272,198827,3990,0,212
9/25/2016,53563,143312,66666584,199198,3871,0,169
9/26/2016,61120,128011,66794595,199480,1375,0,170
9/27/2016,61334,122347,66916942,199739,1175,0,150
9/28/2016,59456,120072,67037014,199989,931,0,107
9/29/2016,55550,104364,67141378,200201,808,0,131
9/30/2016,21368,45194,67186572,200447,175,0,20
10/1/2016,39809,91771,67278343,200544,2017,0,133
10/2/2016,41018,100425,67378768,200664,2147,0,119
10/3/2016,56369,116682,67495450,200829,1514,0,183
10/4/2016,60196,123551,67619001,200954,1035,0,144
10/5/2016,65031,126942,67745943,201115,1240,0,160
10/6/2016,67580,137567,67883510,201234,1580,0,205
10/7/2016,65881,142612,68026122,201369,2398,0,222
10/8/2016,34624,86818,68112940,201485,2002,0,160
10/9/2016,21687,46334,68159274,201539,713,0,56
10/10/2016,52248,107487,68266761,201664,2013,0,163
10/11/2016,58754,113228,68379989,201761,1172,0,142
10/12/2016,57497,119851,68499840,201880,1170,0,153
10/13/2016,61209,117523,68617363,201984,1064,0,168
10/14/2016,60561,123000,68740363,202090,1592,0,183
10/15/2016,51991,138233,68878596,202215,3904,0,207
10/16/2016,48866,126550,69005146,202343,3195,0,172
10/17/2016,62649,132131,69137277,202502,1447,0,236
10/18/2016,68224,143635,69280912,202653,1656,0,194
10/19/2016,69758,145347,69426259,202772,1902,0,164
10/20/2016,63668,131686,69557945,202893,1377,0,198
10/21/2016,40865,80787,69638732,202960,724,0,102
10/22/2016,25301,55557,69694289,203019,658,0,45
10/23/2016,41462,99878,69794167,203137,2616,0,134
10/24/2016,55254,106893,69901060,203269,1145,0,146
10/25/2016,52667,96848,69997908,203349,716,0,102
10/26/2016,52466,103870,70101778,203410,809,0,85
10/27/2016,21054,39660,70141438,203449,101,0,23
10/28/2016,46233,89857,70231295,203492,766,0,111
10/29/2016,42513,103274,70334569,203579,2615,0,153
10/30/2016,37760,107572,70442141,203697,2971,0,114
10/31/2016,50071,107875,70550016,203787,1090,0,123
11/1/2016,55944,110056,70660072,203888,868,0,105
11/2/2016,62133,133258,70793330,203993,1242,0,141
11/3/2016,59632,124673,70918003,204108,943,0,174
11/4/2016,57867,126507,71044510,204195,1538,0,207
11/5/2016,48687,128639,71173149,204301,3416,0,177
11/6/2016,39413,104186,71277335,204428,2293,0,97
11/7/2016,49883,106484,71383819,204520,972,0,119
11/8/2016,56589,123718,71507537,204616,1137,0,107
11/9/2016,38050,75883,71583420,204660,257,0,40
11/10/2016,50863,111472,71694892,204728,813,0,139
11/11/2016,45826,105021,71799913,204802,1248,0,165
11/12/2016,34664,86968,71886881,204865,1916,0,114
11/13/2016,36806,95679,71982560,204958,2076,0,95
11/14/2016,48810,113590,72096150,205034,728,0,97
11/15/2016,22884,48797,72144947,205073,105,0,16
11/16/2016,53328,107831,"	72252778",205170,703,0,113
11/17/2016,53889,109418,"	72362196",205231,711,0,106
11/18/2016,53370,109802,"	72471998",205286,1051,0,125
11/19/2016,41208,98021,"	72570019",205376,2272,0,87
11/20/2016,20616,45772,"	72615791",205407,350,0,34
11/21/2016,32964,69754,"	72685545",205449,148,0,38
11/22/2016,36723,72592,"	72758137",205479,290,0,35
11/23/2016,34462,73005,"	72831142",205501,481,0,56
11/24/2016,12122,42343,"	72873485",205518,641,0,73
11/25/2016,20980,62444,"	72935929",205545,1011,0,67
11/26/2016,23810,65654,"	73001583",205572,1356,0,44
11/27/2016,24076,74381,"	73075964",205607,945,0,31
11/28/2016,42086,83300,"	73159264",205667,485,0,42
11/29/2016,14584,30989,"	73190253",205696,48,0,9
11/30/2016,24434,52424,"	73242677",205729,117,0,10
12/1/2016,43233,90239,"	73332916",205762,389,0,58
12/2/2016,42358,89092,"	73422008",205794,440,0,52
12/3/2016,29853,70853,"	73492861",205824,854,0,58
12/4/2016,27454,71729,"	73564590",205857,930,0,28
12/5/2016,35927,80214,"	73644804",205897,278,0,38
12/6/2016,33325,67187,"	73711991",205939,228,0,26
12/7/2016,38010,76605,"	73788596",205967,270,0,18
12/8/2016,39621,72219,"	73860815",205998,235,0,23
12/9/2016,33540,63950,"	73924765",206021,214,0,31
12/10/2016,22379,52716,73977481,206033,490,0,20
12/11/2016,17798,41740,"	74019221",206049,287,0,6
12/12/2016,29035,58701,"	74077922",206066,175,0,14
12/13/2016,39023,68858,"	74146780",206090,299,0,21
12/14/2016,37799,71798,"	74218578",206130,257,0,16
12/15/2016,25002,45840,"	74264418",206145,80,0,13
12/16/2016,24484,48288,"	74312706",206171,139,0,11
12/17/2016,6993,22363,"	74335069",206176,36,0,7
12/18/2016,16295,38459,"	74373528",206200,168,0,14
12/19/2016,25648,50405,"	74423933",206225,119,0,12
12/20/2016,27677,50408,"	74474341",206250,202,0,22
12/21/2016,30611,55746,"	74530087",206270,244,0,20
12/22/2016,30874,56441,"	74586528",206293,302,0,18
12/23/2016,26335,53318,"	74639846",206320,399,0,27
12/24/2016,8014,28033,"	74667879",206334,147,0,10
12/25/2016,9919,38209,"	74706088",206369,1052,0,43
12/26/2016,10774,32446,"	74738534",206400,315,0,27
12/27/2016,25946,61379,"	74799913",206450,960,0,68
12/28/2016,23596,52937,"	74852850",206476,619,0,38
12/29/2016,13202,29631,"	74882481",206503,104,0,8
12/30/2016,21366,45743,"	74928224",206543,641,0,49
12/31/2016,15925,46810,"	74975034",206585,798,0,33
1/1/2017,16009,50761,75025795,206624,1237,0,33
1/2/2017,8921,21545,75047340,206675,142,0,15
1/3/2017,14198,25879,75073219,206728,42,0,15
1/4/2017,34039,69966,75143185,206778,475,0,29
1/5/2017,28393,52446,75195631,206845,214,0,17
1/6/2017,24177,48964,75244595,206879,157,0,17
1/7/2017,4425,23556,75268151,206892,21,0,4
1/8/2017,6417,22756,75290907,206907,27,0,2
1/9/2017,15856,35209,75326116,206933,30,0,2
1/10/2017,23232,46216,75372332,206955,67,0,12
1/11/2017,32419,63099,75435431,206981,208,0,37
1/12/2017,39783,84763,75520194,207021,479,0,30
1/13/2017,33611,75847,75596041,207059,373,0,43
1/14/2017,13819,43090,75639131,207087,252,0,33
1/15/2017,17384,50738,75689869,207120,476,0,19
1/16/2017,24110,51664,75741533,207163,448,0,30
1/17/2017,18646,40697,75782230,207198,63,0,15
1/18/2017,30857,57978,75840208,207224,146,0,17
1/19/2017,36561,72077,75912285,207262,391,0,27
1/20/2017,26752,56479,75968764,207288,184,0,19
1/21/2017,26610,64662,76033426,207336,957,0,31
1/22/2017,20523,49368,76082794,207368,520,0,25
1/23/2017,15822,37687,76120481,207399,54,0,20
1/24/2017,13171,35619,76156100,207414,28,0,5
1/25/2017,36931,71418,76227518,207453,301,0,29
1/26/2017,33002,63750,76291268,207501,223,0,28
1/27/2017,32394,70189,76361457,207540,231,0,23
1/28/2017,21302,53955,76415412,207567,402,0,25
1/29/2017,22527,62854,76478266,207620,585,0,26
1/30/2017,29616,59975,76538241,207673,163,0,32
1/31/2017,25169,48684,76586925,207706,62,0,19
2/1/2017,35221,77639,76664564,207749,194,0,22
2/2/2017,34517,70727,76735291,207793,216,0,27
2/3/2017,29632,64701,76799992,207825,181,0,32
2/4/2017,19204,45120,76845112,207861,413,0,14
2/5/2017,20059,50532,76895644,207890,337,0,19
2/6/2017,33415,72513,76968157,207930,305,0,49
2/7/2017,23053,57760,77025917,207962,54,0,17
2/8/2017,40428,90430,77116347,208011,483,0,32
2/9/2017,0,0,77116347,208018,0,0,0
2/10/2017,1997,8344,77124691,208030,15,0,1
2/11/2017,8959,26272,77150963,208037,170,0,13
2/12/2017,5801,26468,77177431,208054,26,0,5
2/13/2017,23857,58710,77236141,208076,72,0,18
2/14/2017,29668,78530,77314671,208099,154,0,16
2/15/2017,32052,72383,77387054,208137,170,0,30
2/16/2017,29120,63551,77450605,208163,104,0,16
2/17/2017,28735,67530,77518135,208200,247,0,37
2/18/2017,30571,99126,77617261,208258,2078,0,114
2/19/2017,36963,125166,77742427,208347,3746,0,122
2/20/2017,32292,91412,77833839,208436,1512,0,75
2/21/2017,32643,84767,77918606,208516,308,0,48
2/22/2017,38119,90651,78009257,208594,439,0,36
2/23/2017,42434,98554,78107811,208658,828,0,88
2/24/2017,47031,117155,78224966,208767,1534,0,119
2/25/2017,33345,104309,78329275,208886,2035,0,77
2/26/2017,24713,75196,78404471,208966,849,0,33
2/27/2017,35984,80194,78484665,209035,388,0,42
2/28/2017,41835,92642,78577307,209119,504,0,60
3/1/2017,40592,85944,78663251,209229,393,0,51
3/2/2017,35739,73839,78737090,209310,320,0,44
3/3/2017,31105,68702,78805792,209370,292,0,39
3/4/2017,15646,43108,78848900,209404,252,0,14
3/5/2017,15919,50924,78899824,209451,312,0,22
3/6/2017,32467,72776,78972600,209536,321,0,39
3/7/2017,29683,63654,79036254,209587,181,0,29
3/8/2017,43470,101573,79137827,209656,694,0,55
3/9/2017,45251,99450,79237277,209728,764,0,34
3/10/2017,18412,41971,79279248,209758,95,0,15
3/11/2017,15185,48379,79327627,209781,183,0,27
3/12/2017,13442,38114,79365741,209799,167,0,9
3/13/2017,27417,58768,79424509,209827,205,0,14
3/14/2017,0,0,79424509,209843,0,0,0
3/15/2017,0,0,79424509,209859,0,0,0
3/16/2017,0,0,79424509,209870,0,0,0
3/17/2017,7098,25393,79449902,209888,151,0,15
3/18/2017,4106,17446,79467348,209910,93,0,6
3/19/2017,10550,33344,79500692,209943,339,0,21
3/20/2017,27378,60363,79561055,210002,288,0,21
3/21/2017,36824,78104,79639159,210073,479,0,47
3/22/2017,26927,55713,79694872,210121,140,0,15
3/23/2017,29885,74345,79769217,210160,291,0,25
3/24/2017,34019,82681,79851898,210199,485,0,39
3/25/2017,29647,86293,79938191,210267,1721,0,60
3/26/2017,19893,55139,79993330,210318,546,0,30
3/27/2017,26301,59614,80052944,210388,318,0,40
3/28/2017,21590,46003,80098947,210448,91,0,20
3/29/2017,42430,91525,80190472,210559,830,0,97
3/30/2017,39746,91041,80281513,210623,669,0,61
3/31/2017,6946,23462,80304975,210670,20,0,5
4/1/2017,23849,67299,80372274,210739,767,0,43
4/2/2017,39779,130087,80502361,210915,3639,0,58
4/3/2017,43484,104217,80606578,211075,970,0,68
4/4/2017,29990,63091,80669669,211171,183,0,23
4/5/2017,47635,108281,80777950,211310,1192,0,59
4/6/2017,18020,44411,80822361,211362,67,0,12
4/7/2017,35779,81358,80903719,211440,456,0,43
4/8/2017,35936,108886,81012605,211589,2719,0,83
4/9/2017,43895,137240,81149845,211806,4390,0,114
4/10/2017,50422,124356,81274201,212050,2164,0,139
4/11/2017,57309,150222,81424423,212298,2699,0,135
4/12/2017,51188,113959,81538382,212484,1493,0,108
4/13/2017,52915,131228,81669610,212648,2388,0,129
4/14/2017,52230,149382,81818992,212812,3451,0,273
4/15/2017,42531,134526,81953518,212950,3981,0,235
4/16/2017,48137,157912,82111430,213172,6143,0,361
4/17/2017,53247,127619,82239049,213385,2019,0,234
4/18/2017,53809,126129,82365178,213580,1624,0,194
4/19/2017,45788,97587,82462765,213703,738,0,55
4/20/2017,44260,108427,82571192,213819,1065,0,172
4/21/2017,39868,92348,82663540,213913,1194,0,129
4/22/2017,34596,101444,82764984,214028,5173,0,102
4/23/2017,49106,142563,82907547,214278,4541,0,420
4/24/2017,48692,103241,83010788,214462,1143,0,123
4/25/2017,20332,47829,83058617,214552,201,0,36
4/26/2017,37727,81859,83140476,214654,595,0,109
4/27/2017,52035,122394,83262870,214793,1412,0,266
4/28/2017,62199,163665,83426535,214965,2963,0,458
4/29/2017,57701,180290,83606825,215219,5699,0,562
4/30/2017,42928,125305,83732130,215455,2921,0,340
5/1/2017,56218,136675,83868805,215724,1813,0,311
5/2/2017,61205,142585,84011390,216017,1827,0,309
5/3/2017,59251,141936,84153326,216239,1537,0,247
5/4/2017,57428,144583,84297909,216436,1626,0,239
5/5/2017,24009,58278,84356187,216535,355,0,52
5/6/2017,46616,127879,84484066,216768,3349,0,363
5/7/2017,34293,90625,84574691,216928,1921,0,196
5/8/2017,51553,114260,84688951,217147,1230,0,253
5/9/2017,56461,118257,84807208,217341,1179,0,199
5/10/2017,58452,136080,84943288,217512,1362,0,225
5/11/2017,57208,135699,85078987,217673,1313,0,205
5/12/2017,56671,132477,85211464,217840,1784,0,189
5/13/2017,5704,28193,85239657,217905,117,0,0
5/14/2017,38729,114819,85354476,218120,2664,0,222
5/15/2017,54715,129870,85484346,218356,1279,0,185
5/16/2017,64504,157411,85641757,218690,1850,0,283
5/17/2017,65791,153500,85795257,219023,1864,0,241
5/18/2017,63753,149837,85945094,219304,1929,0,270
5/19/2017,62143,145832,86090926,219564,2310,0,275
5/20/2017,47858,135405,86226331,219776,3486,0,251
5/21/2017,54873,160019,86386350,220097,4903,0,287
5/22/2017,24627,61049,86447399,220269,218,0,22
5/23/2017,60024,139680,86587079,220513,1579,0,224
5/24/2017,60621,135482,86722561,220735,1558,0,153
5/25/2017,17494,50743,86773304,220840,143,0,27
5/26/2017,53763,133402,86906706,221049,2224,0,306
5/27/2017,46533,145924,87052630,221271,4590,0,511
5/28/2017,46724,151063,87203693,221515,5229,0,374
5/29/2017,26321,75825,87279518,221745,1149,0,77
5/30/2017,50192,114629,87394147,222057,962,0,204
5/31/2017,59494,142097,87536244,222764,1596,0,197
6/1/2017,67404,163063,87699307,222977,1957,0,289
6/2/2017,66905,157299,87856606,223162,2315,0,357
6/3/2017,56263,155712,88012318,223356,4627,0,356
6/4/2017,40138,100571,88112889,223520,2270,0,103
6/5/2017,55882,123795,88236684,223719,1286,0,204
6/6/2017,41268,86679,88323363,223834,523,0,89
6/7/2017,64452,149853,88473216,223969,1536,0,258
6/8/2017,62652,132716,88605932,224131,1631,0,266
6/9/2017,66504,156787,88762719,224289,2513,0,313
6/10/2017,57086,150903,88913622,224455,4764,0,296
6/11/2017,51427,140711,89054333,224654,3941,0,179
6/12/2017,57870,133564,89187897,224889,1561,0,201
6/13/2017,60920,129444,89317341,225078,1407,0,179
6/14/2017,60510,137988,89455329,225231,1573,0,218
6/15/2017,64761,144513,89599842,225430,1885,0,227
6/16/2017,56401,128201,89728043,225556,1507,0,177
6/17/2017,34899,83755,89811798,225683,2243,0,209
6/18/2017,49469,138414,89950212,225864,3730,0,295
6/19/2017,38308,88057,90038269,226025,878,0,158
6/20/2017,64670,146794,90185063,226220,1781,0,215
6/21/2017,67215,154525,90339588,226394,1666,0,258
6/22/2017,66304,158453,90498041,226589,1818,0,260
6/23/2017,55321,129797,90627838,226695,1585,0,205
6/24/2017,52150,141282,90769120,226849,4277,0,314
6/25/2017,54645,158625,90927745,227015,4527,0,256
6/26/2017,62661,145321,91073066,227211,2024,0,297
6/27/2017,64762,151112,91224178,227418,1697,0,229
6/28/2017,67740,159263,91383441,227679,1893,0,208
6/29/2017,64260,146419,91529860,227855,1703,0,210
6/30/2017,58660,132583,91662443,228047,2024,0,293
7/1/2017,36737,107126,91769569,228157,2828,0,372
7/2/2017,43035,128397,91897966,228306,4314,0,458
7/3/2017,48193,130240,92028206,228473,3243,0,316
7/4/2017,49924,146441,92174647,228669,4929,0,315
7/5/2017,60321,149487,92324134,228908,1886,0,267
7/6/2017,62147,140767,92464901,229085,1646,0,264
7/7/2017,44068,103656,92568557,229241,1283,0,216
7/8/2017,55015,146438,92714995,229453,4138,0,333
7/9/2017,57118,159914,92874909,229680,4471,0,340
7/10/2017,60908,141463,93016372,229933,1546,0,359
7/11/2017,61670,141463,93157835,230159,1269,0,227
7/12/2017,61786,132874,93290709,230336,1376,0,179
7/13/2017,56475,126527,93417236,230514,1322,0,180
7/14/2017,31851,70477,93487713,230610,570,0,101
7/15/2017,56499,148067,93635780,230772,4761,0,378
7/16/2017,56833,153666,93789446,230981,4497,0,308
7/17/2017,62555,141323,93930769,231225,1675,0,289
7/18/2017,66234,144623,94075392,231416,1724,0,243
7/19/2017,63916,143277,94218669,231603,1617,0,267
7/20/2017,59665,131871,94350540,231741,1439,0,229
7/21/2017,60074,136330,94486870,231882,1929,0,304
7/22/2017,48013,124272,94611142,232049,3634,0,332
7/23/2017,46945,117035,94728177,232212,3164,0,249
7/24/2017,43793,104460,94832637,232359,989,0,113
7/25/2017,65339,148542,94981179,232521,1549,0,285
7/26/2017,70329,168603,95149782,232674,2054,0,248
7/27/2017,65773,144443,95294225,232820,1666,0,214
7/28/2017,63911,151514,95445739,232984,2293,0,297
7/29/2017,52955,132509,95578248,233138,4085,0,324
7/30/2017,59364,165423,95743671,233360,5214,0,376
7/31/2017,64231,153123,95896794,233614,1862,0,263
8/1/2017,66676,147654,96044448,233824,1813,0,272
8/2/2017,56179,122622,96167070,233958,3291,0,139
8/3/2017,66144,146858,96313928,234160,1849,0,257
8/4/2017,56391,128749,96442677,234312,2212,0,325
8/5/2017,58966,169511,96612188,234524,5299,0,415
8/6/2017,56473,161492,96773680,234715,4686,0,292
8/7/2017,23395,55927,96829607,234851,249,0,34
8/8/2017,65228,145901,96975508,235084,1738,0,331
8/9/2017,67874,170524,97146032,235283,1952,0,300
8/10/2017,66245,151415,97297447,235457,1834,0,262
8/11/2017,63134,147098,97444545,235623,2360,0,358
8/12/2017,60531,173581,97618126,235890,5409,0,405
8/13/2017,57511,162040,97780166,236098,4755,0,337
8/14/2017,61460,139535,97919701,236328,1816,0,294
8/15/2017,52460,105695,98025396,236504,948,0,125
8/16/2017,68434,159032,98184428,236681,1905,0,251
8/17/2017,66654,156810,98341238,236872,2087,0,261
8/18/2017,36619,90704,98431942,236984,840,0,124
8/19/2017,62440,186037,98617979,237324,5992,0,461
8/20/2017,55438,147379,98765358,237518,4218,0,313
8/21/2017,61055,138059,98903417,237710,1832,0,277
8/22/2017,60541,133409,99036826,237878,1477,0,260
8/23/2017,65069,141360,99178186,238057,1712,0,219
8/24/2017,66306,151449,99329635,238257,1820,0,315
8/25/2017,64217,156344,99485979,238406,2316,0,325
8/26/2017,50111,132832,99618811,238546,3621,0,214
8/27/2017,54594,145524,99764335,238771,4135,0,278
8/28/2017,60885,133126,99897461,239016,1616,0,272
8/29/2017,35151,67448,99964909,239163,424,0,104
8/30/2017,65328,147325,100112234,239347,1760,0,309
8/31/2017,64881,144852,100257086,239519,1727,0,260
9/1/2017,54881,129382,100386468,239653,1775,0,294
9/2/2017,37810,107949,100494417,239785,3359,0,420
9/3/2017,30955,83988,100578405,239906,2394,0,175
9/4/2017,55284,164623,100743028,240126,5298,0,362
9/5/2017,65443,140362,100883390,240378,1607,0,265
9/6/2017,42318,86395,100969785,240541,445,0,90
9/7/2017,69571,148669,101118454,240750,1542,0,356
9/8/2017,69616,154397,101272851,240903,1976,0,322
9/9/2017,60187,150847,101423698,241108,4196,0,272
9/10/2017,60750,154588,101578286,241329,4056,0,301
9/11/2017,71964,166177,101744463,241563,1992,0,276
9/12/2017,74623,161263,101905726,241775,1737,0,238
9/13/2017,69616,146802,102052528,241991,1471,0,199
9/14/2017,72128,150535,102203063,242211,1551,0,244
9/15/2017,72361,160138,102363201,242393,2088,0,323
9/16/2017,61077,156839,102520040,242552,4304,0,297
9/17/2017,60003,156834,102676874,242748,3869,0,229
9/18/2017,64207,138078,102814952,242968,1387,0,190
9/19/2017,57977,115451,102930403,243128,914,0,146
9/20/2017,71222,150377,103080780,243309,1385,0,202
9/21/2017,67799,152463,103233243,243503,1690,0,191
9/22/2017,70192,163114,103396357,243715,2315,0,259
9/23/2017,62748,165582,103561939,243967,4821,0,322
9/24/2017,57503,148926,103710865,244277,3681,0,176
9/25/2017,69271,156367,103867232,244551,1537,0,258
9/26/2017,71566,156779,104024011,244809,1359,0,257
9/27/2017,69942,147977,104171988,245051,1268,0,200
9/28/2017,70951,148394,104320382,245299,1490,0,224
9/29/2017,67246,141709,104462091,245558,1875,0,288
9/30/2017,50200,113613,104575704,245923,2694,0,214
10/1/2017,55503,139011,104714715,246193,3511,0,235
10/2/2017,65509,141748,104856463,246402,1408,0,242
10/3/2017,69105,135800,104992263,246566,1258,0,194
10/4/2017,71453,150324,105142587,246742,1377,0,188
10/5/2017,70173,150437,105293024,246893,1365,0,251
10/6/2017,70249,148395,105441419,247025,2104,0,383
10/7/2017,63630,153928,105595347,247206,4996,0,356
10/8/2017,41039,100790,105696137,247336,2233,0,192
10/9/2017,38390,78912,105775049,247453,594,0,84
10/10/2017,74117,155978,105931027,247615,2016,0,312
10/11/2017,63587,126748,106057775,247767,1146,0,161
10/12/2017,61244,123433,106181208,247896,1070,0,169
10/13/2017,67016,136608,106317816,248038,1768,0,308
10/14/2017,58771,142476,106460292,248167,3680,0,347
10/15/2017,56529,137364,106597656,248382,3381,0,276
10/16/2017,61729,125800,106723456,248552,997,0,192
10/17/2017,64480,122345,106845801,248712,1030,0,170
10/18/2017,70233,147842,106993643,248878,1202,0,249
10/19/2017,72311,143664,107137307,249016,1491,0,274
10/20/2017,72174,157255,107294562,249162,2246,0,351
10/21/2017,65872,169402,107463964,249378,5093,0,276
10/22/2017,62148,153444,107617408,249596,4596,0,200
10/23/2017,69273,143899,107761307,249825,1659,0,279
10/24/2017,48077,95599,107856906,249930,466,0,82
10/25/2017,71284,142007,107998913,250090,1133,0,246
10/26/2017,64002,123419,108122332,250187,973,0,191
10/27/2017,69265,139481,108261813,250319,1991,0,352
10/28/2017,61345,143571,108405384,250499,4306,0,317
10/29/2017,9537,20810,108426194,250556,213,0,8
10/30/2017,49246,95502,108521696,250681,771,0,121
10/31/2017,60242,115329,108637025,250892,1076,0,166
11/1/2017,60772,111304,108748329,250975,717,0,125
11/2/2017,70810,144455,108892784,251060,1485,0,291
11/3/2017,71817,147055,109039839,251163,2275,0,335
11/4/2017,53433,120119,109159958,251269,3086,0,243
11/5/2017,34943,76281,109236239,251349,1263,0,80
11/6/2017,57606,116318,109352557,251433,1052,0,133
11/7/2017,36361,69588,109422145,251487,643,0,77
11/8/2017,54211,107852,109529997,251537,597,0,95
11/9/2017,58416,113119,109643116,251591,837,0,171
11/10/2017,38432,74794,109717910,251614,425,0,82
11/11/2017,28142,55350,109773260,251657,832,0,64
11/12/2017,32471,73187,109846447,251699,1191,0,62
11/13/2017,38752,72112,109918559,251751,314,0,47
11/14/2017,52278,95328,110013887,251802,493,0,59
11/15/2017,54230,104590,110118477,251842,524,0,70
11/16/2017,49737,93532,110212009,251884,521,0,74
11/17/2017,48989,93476,110305485,251928,712,0,74
11/18/2017,27745,58136,110363621,251965,872,0,53
11/19/2017,31597,66078,110429699,252008,1020,0,64
11/20/2017,45120,85295,110514994,252041,501,0,49
11/21/2017,52448,95288,110610282,252075,960,0,69
11/22/2017,32297,69530,110679812,252103,458,0,64
11/23/2017,13705,32527,110712339,252115,806,0,103
11/24/2017,23723,64012,110776351,252151,1129,0,95
11/25/2017,30510,73542,110849893,252184,1995,0,85
11/26/2017,27180,60652,110910545,252227,904,0,63
11/27/2017,46732,99410,111009955,252277,553,0,46
11/28/2017,51166,97329,111107284,252316,455,0,58
11/29/2017,55290,107040,111214324,252365,638,0,71
11/30/2017,51699,97110,111311434,252414,509,0,83
12/1/2017,50708,99868,111411302,252473,695,0,123
12/2/2017,38922,83660,111494962,252514,1513,0,100
12/3/2017,33728,77915,111572877,252561,1037,0,66
12/4/2017,49630,92142,111665019,252618,649,0,63
12/5/2017,41792,85008,111750027,252686,381,0,57
12/6/2017,46335,87328,111837355,252724,368,0,55
12/7/2017,45367,94653,111932008,252761,427,0,65
12/8/2017,41330,81217,112013225,252791,443,0,58
12/9/2017,10804,20955,112034180,252811,112,0,15
12/10/2017,19815,43621,112077801,252830,287,0,26
12/11/2017,41838,81071,112158872,252869,456,0,38
12/12/2017,42620,88499,112247371,252915,262,0,42
12/13/2017,32623,60051,112307422,252942,155,0,20
12/14/2017,27494,49648,112357070,252960,134,0,10
12/15/2017,22944,41598,112398668,252980,130,0,9
12/16/2017,19060,38766,112437434,252992,240,0,24
12/17/2017,22403,49790,112487224,253011,343,0,27
12/18/2017,40168,79914,112567138,253054,409,0,34
12/19/2017,49503,97301,112664439,253087,541,0,42
12/20/2017,41461,78833,112743272,253142,422,0,40
12/21/2017,37592,70297,112813569,253180,386,0,47
12/22/2017,34338,62387,112875956,253212,506,0,23
12/23/2017,9608,24205,112900161,253228,112,0,10
12/24/2017,13215,37985,112938146,253250,492,0,39
12/25/2017,6479,26767,112964913,253293,439,0,27
12/26/2017,14113,32919,112997832,253324,220,0,29
12/27/2017,16365,31793,113029625,253346,234,0,33
12/28/2017,13419,34438,113064063,253365,121,0,17
12/29/2017,13759,29284,113093347,253395,177,0,17
12/30/2017,5956,13910,113107257,253407,53,0,10
12/31/2017,6569,18326,113125583,253443,94,0,2
1/1/2018,5499,11483,113137066,253490,123,0,7
1/2/2018,18818,39352,113176418,253558,125,0,12
1/3/2018,24299,42853,113219271,253591,164,0,4
1/4/2018,1922,5328,113224599,253604,2,0,1
1/5/2018,4972,14303,113238902,253614,14,0,0
1/6/2018,4294,9479,113248381,253624,9,0,2
1/7/2018,5640,9387,113257768,253640,41,0,4
1/8/2018,15820,31294,113289062,253661,45,0,4
1/9/2018,25090,50981,113340043,253690,112,0,17
1/10/2018,28252,50218,113390261,253720,142,0,18
1/11/2018,33961,66584,113456845,253757,244,0,15
1/12/2018,22252,46403,113503248,253786,152,0,16
1/13/2018,17758,30418,113533666,253809,355,0,31
1/14/2018,12394,32949,113566615,253827,183,0,9
1/15/2018,17637,41770,113608385,253857,150,0,8
1/16/2018,30278,60053,113668438,253895,189,0,13
1/17/2018,19010,36319,113704757,253921,52,0,12
1/18/2018,27662,52573,113757330,253952,92,0,18
1/19/2018,30525,50322,113807652,253983,216,0,15
1/20/2018,28507,59336,113866988,254025,1044,0,41
1/21/2018,27908,61571,113928559,254092,1013,0,26
1/22/2018,36864,68638,113997197,254144,345,0,25
1/23/2018,28796,63693,114060890,254191,179,0,19
1/24/2018,36078,69596,114130486,254236,232,0,32
1/25/2018,31147,51927,114182413,254263,181,0,16
1/26/2018,33073,61857,114244270,254301,313,0,23
1/27/2018,34348,70146,114314416,254368,1415,0,41
1/28/2018,20100,38221,114352637,254415,334,0,22
1/29/2018,36799,68868,114421505,254466,274,0,33
1/30/2018,27996,59260,114480765,254492,114,0,15
1/31/2018,31276,54440,114535205,254539,141,0,19
2/1/2018,35561,66984,114602189,254590,212,0,27
2/2/2018,26313,50427,114652616,254620,129,0,18
2/3/2018,18385,40020,114692636,254640,263,0,23
2/4/2018,13959,35121,114727757,254670,224,0,7
2/5/2018,29068,56061,114783818,254725,193,0,21
2/6/2018,34102,68060,114851878,254760,160,0,18
2/7/2018,15289,31573,114883451,254781,30,0,4
2/8/2018,31563,60985,114944436,254806,168,0,20
2/9/2018,31567,57070,115001506,254833,223,0,25
2/10/2018,16323,37641,115039147,254857,343,0,26
2/11/2018,8809,21167,115060314,254877,85,0,2
2/12/2018,35138,68283,115128597,254922,339,0,40
2/13/2018,35189,69420,115198017,254968,252,0,31
2/14/2018,39591,80081,115278098,255002,408,0,39
2/15/2018,44193,88474,115366572,255044,501,0,28
2/16/2018,29191,57219,115423791,255088,316,0,37
2/17/2018,17921,38834,115462625,255118,537,0,51
2/18/2018,21537,50512,115513137,255151,938,0,40
2/19/2018,25677,62150,115575287,255217,553,0,50
2/20/2018,44478,98129,115673416,255306,906,0,85
2/21/2018,53110,118306,115791722,255430,1596,0,77
2/22/2018,27010,54857,115846579,255485,147,0,18
2/23/2018,25633,49639,115896218,255534,165,0,22
2/24/2018,25550,61251,115957469,255597,956,0,51
2/25/2018,16149,34052,115991521,255654,231,0,18
2/26/2018,42570,84614,116076135,255747,448,0,54
2/27/2018,48514,107682,116183817,255836,664,0,48
2/28/2018,50707,100855,116284672,255944,637,0,52
3/1/2018,45562,91489,116376161,256022,571,0,45
3/2/2018,6855,23277,116399438,256050,21,0,7
3/3/2018,28361,61107,116460545,256117,851,0,56
3/4/2018,25262,60490,116521035,256189,704,0,33
3/5/2018,36774,75190,116596225,256263,357,0,47
3/6/2018,42688,80995,116677220,256307,516,0,27
3/7/2018,8188,22312,116699532,256333,16,0,7
3/8/2018,28440,53403,116752935,256360,188,0,17
3/9/2018,34912,70068,116823003,256393,344,0,43
3/10/2018,25443,59343,116882346,256438,689,0,43
3/11/2018,27596,67622,116949968,256517,1173,0,46
3/12/2018,36339,76569,117026537,256578,351,0,39
3/13/2018,23137,46021,117072558,256623,133,0,14
3/14/2018,35377,62352,117134910,256673,269,0,39
3/15/2018,39572,72192,117207102,256724,462,0,66
3/16/2018,34921,62381,117269483,256763,383,0,55
3/17/2018,27671,62524,117332007,256823,1015,0,56
3/18/2018,25158,55182,117387189,256880,839,0,36
3/19/2018,39278,83086,117470275,256933,544,0,39
3/20/2018,35532,69573,117539848,256986,187,0,17
3/21/2018,3755,11799,117551647,257004,3,0,1
3/22/2018,27308,61715,117613362,257040,216,0,25
3/23/2018,38527,77668,117691030,257098,543,0,55
3/24/2018,34396,79562,117770592,257167,1755,0,88
3/25/2018,25562,62656,117833248,257226,710,0,24
3/26/2018,40295,88831,117922079,257315,718,0,87
3/27/2018,41354,88986,118011065,257378,524,0,63
3/28/2018,41880,80607,118091672,257447,586,0,64
3/29/2018,39288,84590,118176262,257501,544,0,65
3/30/2018,34784,78825,118255087,257584,1006,0,147
3/31/2018,41779,109399,118364486,257701,3856,0,151
4/1/2018,33148,94040,118458526,257811,2363,0,264
4/2/2018,22062,50418,118508944,257889,297,0,20
4/3/2018,25883,59477,118568421,257942,189,0,21
4/4/2018,36755,80049,118648470,258025,611,0,48
4/5/2018,39814,87382,118735852,258086,972,0,112
4/6/2018,35624,83643,118819495,258143,918,0,101
4/7/2018,33245,79955,118899450,258231,1661,0,129
4/8/2018,28410,67056,118966506,258324,1271,0,75
4/9/2018,40509,87612,119054118,258423,614,0,62
4/10/2018,43051,89629,119143747,258498,475,0,37
4/11/2018,48612,104081,119247828,258599,894,0,114
4/12/2018,53168,114400,119362228,258754,1095,0,146
4/13/2018,63503,150894,119513122,258926,3168,0,262
4/14/2018,62595,185232,119698354,259171,7643,0,346
4/15/2018,20440,58497,119756851,259252,525,0,21
4/16/2018,26288,65284,119822135,259344,452,0,31
4/17/2018,44689,104884,119927019,259470,589,0,85
4/18/2018,51110,112664,120039683,259583,996,0,152
4/19/2018,38298,79890,120119573,259704,407,0,52
4/20/2018,47049,101982,120221555,259820,1241,0,133
4/21/2018,63594,179681,120401236,260015,3142,0,214
4/22/2018,54282,149532,120550768,260257,5399,0,265
4/23/2018,57764,131224,120681992,260545,1976,0,191
4/24/2018,58523,126491,120808483,260740,1529,0,159
4/25/2018,31213,63086,120871569,260861,403,0,36
4/26/2018,66074,150788,121022357,261062,2578,0,294
4/27/2018,39153,85566,121107923,261172,823,0,70
4/28/2018,56735,158334,121266257,261434,6129,0,369
4/29/2018,44825,130649,121396906,261651,3594,0,266
4/30/2018,41074,91215,121488121,261874,751,0,66
5/1/2018,72035,173896,121662017,262154,3155,0,390
5/2/2018,76773,189852,121851869,262535,3270,0,329
5/3/2018,69053,165326,122017195,262816,2931,0,282
5/4/2018,71197,177291,122194486,263103,3595,0,360
5/5/2018,63325,167568,122362054,263371,6557,0,334
5/6/2018,48993,120205,122482259,263632,3484,0,289
5/7/2018,68915,156297,122638556,263992,2973,0,311
5/8/2018,74310,174749,122813305,264308,3046,0,356
5/9/2018,78454,183295,122996600,264589,3038,0,303
5/10/2018,67454,153260,123149860,264852,2408,0,275
5/11/2018,75262,184114,123333974,265052,4240,0,314
5/12/2018,34535,91563,123425537,265150,2227,0,92
5/13/2018,25985,67247,123492784,265260,1237,0,58
5/14/2018,64727,147144,123639928,265465,2553,0,273
5/15/2018,52826,118790,123758718,265682,1949,0,186
5/16/2018,32766,75694,123834412,265811,493,0,45
5/17/2018,49788,107763,123942175,265936,1755,0,113
5/18/2018,63112,146437,124088612,266075,2663,0,240
5/19/2018,18026,45461,124134073,266135,639,0,53
5/20/2018,56946,158983,124293056,266399,5458,0,304
5/21/2018,71218,172936,124465992,266669,3551,0,267
5/22/2018,48508,109420,124575412,266868,1090,0,103
5/23/2018,72653,170812,124746224,267098,2952,0,294
5/24/2018,74808,177631,124923855,267330,3417,0,294
5/25/2018,69342,174715,125098570,267536,4381,0,336
5/26/2018,51592,155957,125254527,267703,6129,0,417
5/27/2018,25813,78075,125332602,267815,1631,0,82
5/28/2018,49040,140226,125472828,268037,5148,0,267
5/29/2018,69090,170334,125643162,268305,2896,0,249
5/30/2018,72321,159297,125802459,268645,2742,0,216
5/31/2018,55798,123710,125926169,268998,1414,0,101
6/1/2018,62890,147780,126073949,269167,3049,0,250
6/2/2018,60287,158528,126232477,269371,5634,0,307
6/3/2018,50041,134416,126366893,269544,3892,0,154
6/4/2018,58910,130774,126497667,269763,2372,0,166
6/5/2018,71906,155007,126652674,269934,2682,0,199
6/6/2018,69797,154726,126807400,270119,2479,0,173
6/7/2018,70478,160532,126967932,270274,2808,0,198
6/8/2018,72696,163188,127131120,270455,3915,0,283
6/9/2018,65239,171623,127302743,270657,6917,0,292
6/10/2018,41639,106867,127409610,270825,3136,0,112
6/11/2018,68060,154381,127563991,271146,3044,0,243
6/12/2018,76255,166828,127730819,271364,3260,0,215
6/13/2018,64270,144934,127875753,271541,2044,0,104
6/14/2018,75803,173109,128048862,271708,3359,0,227
6/15/2018,72417,160081,128208943,271883,4005,0,296
6/16/2018,63182,165240,128374183,272071,7037,0,339
6/17/2018,56218,146611,128520794,272306,5760,0,232
6/18/2018,63551,136481,128657275,272522,2498,0,206
6/19/2018,72168,153883,128811158,272780,2902,0,230
6/20/2018,74088,165836,128976994,272950,2929,0,231
6/21/2018,70050,158375,129135369,273114,3026,0,262
6/22/2018,71084,156062,129291431,273291,3736,0,263
6/23/2018,51028,118620,129410051,273422,4172,0,207
6/24/2018,55775,152057,129562108,273615,5862,0,232
6/25/2018,71747,163026,129725134,273820,3441,0,221
6/26/2018,80643,171973,129897107,274006,3442,0,254
6/27/2018,67647,140557,130037664,274165,2457,0,183
6/28/2018,50431,104860,130142524,274290,1967,0,154
6/29/2018,69856,151785,130294309,274467,3940,0,326
6/30/2018,54713,134347,130428656,274628,5425,0,360
7/1/2018,45265,120484,130549140,274813,4209,0,211
7/2/2018,58633,130122,130679262,275016,2702,0,241
7/3/2018,54882,113998,130793260,275157,2358,0,199
7/4/2018,48368,136287,130929547,275304,5662,0,250
7/5/2018,59471,133659,131063206,275487,3344,0,264
7/6/2018,49504,111660,131174866,275614,2650,0,189
7/7/2018,60916,173852,131348718,275793,7284,0,349
7/8/2018,60486,171826,131520544,275988,6667,0,310
7/9/2018,70063,153650,131674194,276203,3103,0,283
7/10/2018,72501,147441,131821635,276399,2999,0,227
7/11/2018,73011,163349,131984984,276553,3049,0,170
7/12/2018,74857,161182,132146166,276703,3520,0,231
7/13/2018,72113,156285,132302451,276858,3998,0,294
7/14/2018,62556,157266,132459717,277000,7241,0,334
7/15/2018,52295,132234,132591951,277133,5121,0,248
7/16/2018,67072,146307,132738258,277344,3101,0,278
7/17/2018,48495,97913,132836171,277466,1558,0,129
7/18/2018,75706,169481,133005652,277703,3578,0,247
7/19/2018,78004,141327,133146979,277891,3938,0,280
7/20/2018,74539,136511,133283490,278052,4590,0,275
7/21/2018,53651,114977,133398467,278195,6266,0,309
7/22/2018,44284,87253,133485720,278338,4316,0,244
7/23/2018,53074,88170,133573890,278458,2277,0,152
7/24/2018,69754,117924,133691814,278651,2957,0,162
7/25/2018,42988,66587,133758401,278742,1474,0,124
7/26/2018,71065,122885,133881286,278874,3321,0,252
7/27/2018,49224,82987,133964273,278993,2526,0,251
7/28/2018,61543,129505,134093778,279147,7004,0,361
7/29/2018,63472,137343,134231121,279321,7244,0,250
7/30/2018,69512,123639,134354760,279509,3490,0,333
7/31/2018,76253,134233,134488993,279702,3637,0,246
8/1/2018,64467,106881,134595874,279888,2673,0,185
8/2/2018,69711,118282,134714156,280110,2998,0,217
8/3/2018,61962,105765,134819921,280279,3145,0,247
8/4/2018,51200,104541,134924462,280498,5352,0,198
8/5/2018,58379,122656,135047118,280721,6289,0,309
8/6/2018,65686,112585,135159703,280922,3022,0,281
8/7/2018,64351,106678,135266381,281097,2640,0,201
8/8/2018,70577,120473,135386854,281275,2911,0,267
8/9/2018,71976,124150,135511004,281441,3379,0,238
8/10/2018,69617,123534,135634538,281572,4266,0,280
8/11/2018,36607,69505,135704043,281689,2994,0,141
8/12/2018,59834,125265,135829308,281881,6407,0,281
8/13/2018,44273,70501,135899809,281991,1563,0,82
8/14/2018,63733,107144,136006953,282169,2592,0,211
8/15/2018,73124,128453,136135406,282317,3565,0,266
8/16/2018,70825,123444,136258850,282471,3511,0,276
8/17/2018,63316,109405,136368255,282583,3563,0,232
8/18/2018,57284,125508,136493763,282795,6672,0,351
8/19/2018,45874,86651,136580414,282943,3926,0,155
8/20/2018,67589,118793,136699207,283162,3312,0,224
8/21/2018,75214,132261,136831468,283358,3683,0,257
8/22/2018,72614,125978,136957446,283543,3366,0,225
8/23/2018,73877,130310,137087756,283720,3975,0,331
8/24/2018,72894,132952,137220708,283884,4794,0,320
8/25/2018,64683,140537,137361245,284066,7535,0,345
8/26/2018,60954,132223,137493468,284268,6928,0,302
8/27/2018,67630,116967,137610435,284457,3350,0,242
8/28/2018,66638,110486,137720921,284667,2814,0,150
8/29/2018,65903,107006,137827927,284791,2766,0,171
8/30/2018,67900,113385,137941312,284938,3218,0,164
8/31/2018,58922,97818,138039130,285087,3186,0,180
9/1/2018,54318,116904,138156034,285245,6711,0,439
9/2/2018,60828,140923,138296957,285368,5562,0,292
9/3/2018,55067,117164,138414121,285609,6239,0,279
9/4/2018,68655,114264,138528385,285867,2793,0,215
9/5/2018,74981,124919,138653304,286102,2934,0,191
9/6/2018,70264,113123,138766427,286304,2678,0,207
9/7/2018,74586,127470,138893897,286475,3523,0,227
9/8/2018,58284,111254,139005151,286637,5442,0,270
9/9/2018,19950,30544,139035695,286752,895,0,16
9/10/2018,23949,32472,139068167,286847,463,0,26
9/11/2018,66552,109380,139177547,286985,2456,0,193
9/12/2018,53241,82748,139260295,287120,1650,0,115
9/13/2018,74054,123401,139383696,287262,2874,0,197
9/14/2018,74330,128288,139511984,287412,3623,0,298
9/15/2018,71185,149524,139661508,287622,7570,0,353
9/16/2018,69515,150281,139811789,287897,7410,0,270
9/17/2018,71340,118809,139930598,288137,2914,0,162
9/18/2018,53077,82768,140013366,288266,1433,0,74
9/19/2018,74372,129089,140142455,288450,3529,0,290
9/20/2018,76803,129385,140271840,288599,3130,0,235
9/21/2018,74940,128273,140400113,288719,3677,0,224
9/22/2018,69133,142121,140542234,289160,7511,0,298
9/23/2018,55494,104944,140647178,289370,4716,0,184
9/24/2018,71631,115888,140763066,289524,2615,0,289
9/25/2018,25430,35795,140798861,289591,506,0,65
9/26/2018,68007,110772,140909633,289698,2423,0,296
9/27/2018,75370,126480,141036113,289829,3044,0,399
9/28/2018,57230,90249,141126362,289911,1986,0,296
9/29/2018,69321,145920,141272282,290170,6960,0,906
9/30/2018,66224,139423,141411705,290467,6367,0,675
10/1/2018,71387,120257,141531962,290631,2618,0,307
10/2/2018,73113,122234,141654196,290788,2666,0,195
10/3/2018,76769,129720,141783916,290947,3141,0,199
10/4/2018,70698,116337,141900253,291073,2838,0,222
10/5/2018,74744,129597,142029850,291166,3979,0,254
10/6/2018,57599,110421,142140271,291298,5658,0,310
10/7/2018,60753,127033,142267304,291425,6936,0,277
10/8/2018,58256,95097,142362401,291549,2865,0,121
10/9/2018,74251,123973,142486374,291672,2846,0,207
10/10/2018,77317,132255,142618629,291765,3115,0,202
10/11/2018,46862,70173,142688802,291862,1323,0,59
10/12/2018,67686,113055,142801857,291962,3453,0,255
10/13/2018,54747,100652,142902509,292029,2430,0,125
10/14/2018,54297,103697,143006206,292158,4805,0,204
10/15/2018,59181,92219,143098425,292262,1958,0,95
10/16/2018,66661,104171,143202596,292370,2200,0,158
10/17/2018,67868,107762,143310358,292469,2341,0,134
10/18/2018,61668,94356,143404714,292519,1969,0,143
10/19/2018,64735,105730,143510444,292604,3012,0,192
10/20/2018,56281,109142,143619586,292711,5644,0,309
10/21/2018,39192,64764,143684350,292811,2488,0,100
10/22/2018,57919,88293,143772643,292899,1721,0,133
10/23/2018,68086,110293,143882936,292992,2356,0,181
10/24/2018,64203,98615,143981551,293077,1942,0,97
10/25/2018,61637,95827,144077378,293309,2003,0,146
10/26/2018,59861,92569,144169947,293508,2292,0,131
10/27/2018,13124,17949,144187896,293542,333,0,11
10/28/2018,42502,74540,144262436,293611,3134,0,154
10/29/2018,60028,92882,144355318,293722,1853,0,156
10/30/2018,65545,102834,144458152,293819,1957,0,141
10/31/2018,68447,114039,144572191,294007,2544,0,225
11/1/2018,74260,128502,144700693,294111,3288,0,245
11/2/2018,63746,105906,144806599,294186,2817,0,237
11/3/2018,49127,89639,144896238,294256,4200,0,199
11/4/2018,50713,98021,144994259,294329,5107,0,99
11/5/2018,33345,47328,145041587,294396,776,0,31
11/6/2018,40271,56313,145097900,294442,1186,0,29
11/7/2018,67925,112354,145210254,294527,2590,0,189
11/8/2018,64441,103621,145313875,294595,2191,0,146
11/9/2018,36952,54282,145368157,294647,1064,0,63
11/10/2018,37809,63740,145431897,294689,2649,0,132
11/11/2018,36612,64197,145496094,294744,2763,0,78
11/12/2018,51341,79338,145575432,294792,1707,0,79
11/13/2018,36957,52453,145627885,294838,751,0,27
11/14/2018,49621,70932,145698817,294882,935,0,30
11/15/2018,24948,35594,145734411,294900,407,0,24
11/16/2018,34447,49576,145783987,294915,761,0,48
11/17/2018,37974,61206,145845193,294951,2257,0,56
11/18/2018,34390,55093,145900286,294988,1916,0,45
11/19/2018,54540,83935,145984221,295037,1522,0,84
11/20/2018,51910,75746,146059967,295070,1259,0,37
11/21/2018,40417,58441,146118408,295112,1050,0,39
11/22/2018,8798,12626,146131034,295200,369,0,20
11/23/2018,16107,23143,146154177,295439,597,0,26
11/24/2018,20087,32011,146186188,295530,1137,0,41
11/25/2018,34519,60831,146247019,295688,2521,0,36
11/26/2018,29189,42333,146289352,296251,499,0,18
11/27/2018,49979,74556,146363908,296351,802,0,31
11/28/2018,48433,69352,146433260,296405,777,0,29
11/29/2018,51468,76715,146509975,296452,1054,0,51
11/30/2018,46001,67098,146577073,296497,1065,0,47
12/1/2018,37989,62304,146639377,296553,2256,0,37
12/2/2018,18418,26501,146665878,296584,554,0,11
12/3/2018,53974,85524,146751402,296664,1308,0,62
12/4/2018,49058,71843,146823245,296708,867,0,27
12/5/2018,46779,67536,146890781,296753,814,0,38
12/6/2018,46543,66885,146957666,296798,910,0,40
12/7/2018,43841,63353,147021019,296843,948,0,52
12/8/2018,29909,44552,147065571,296867,1271,0,46
12/9/2018,27547,40886,147106457,296897,1064,0,23
12/10/2018,43358,62699,147169156,296938,762,0,25
12/11/2018,47335,68321,147237477,296974,823,0,20
12/12/2018,47717,68600,147306077,297005,748,0,28
12/13/2018,40736,57295,147363372,297042,593,0,14
12/14/2018,44775,66633,147430005,297078,1137,0,44
12/15/2018,36423,57244,147487249,297119,1902,0,45
12/16/2018,9835,13599,147500848,297131,203,0,4
12/17/2018,45382,66449,147567297,297173,909,0,32
12/18/2018,41703,58360,147625657,297205,656,0,22
12/19/2018,44096,63165,147688822,297238,877,0,22
12/20/2018,34026,48713,147737535,297269,751,0,20
12/21/2018,23996,34450,147771985,297290,481,0,24
12/22/2018,24870,36653,147808638,297327,1088,0,25
12/23/2018,22230,35921,147844559,297355,1298,0,37
12/24/2018,18990,27246,147871805,297387,681,0,18
12/25/2018,11177,21483,147893288,297426,1080,0,38
12/26/2018,25358,39176,147932464,297487,1118,0,49
12/27/2018,31169,48943,147981407,297527,1510,0,51
12/28/2018,12039,17576,147998983,297555,334,0,25
12/29/2018,29037,54116,148053099,297622,2677,0,104
12/30/2018,22536,37741,148090840,297682,1562,0,51
12/31/2018,18936,29794,148120634,297748,962,0,31
1/1/2019,22145,44131,148164765,297823,2429,0,49
1/2/2019,38249,58975,148223740,297908,1062,0,36
1/3/2019,42181,62500,148286240,297976,969,0,31
1/4/2019,44420,65739,148351979,298017,1173,0,33
1/5/2019,17636,24326,148376305,298048,462,0,8
1/6/2019,31764,50481,148426786,298094,1711,0,31
1/7/2019,36928,52310,148479096,298152,514,0,18
1/8/2019,41728,60469,148539565,298218,654,0,23
1/9/2019,44882,63480,148603045,298263,646,0,23
1/10/2019,39449,53225,148656270,298299,478,0,13
1/11/2019,33196,44226,148700496,298331,465,0,23
1/12/2019,25431,35133,148735629,298361,772,0,26
1/13/2019,23020,33018,148768647,298399,700,0,18
1/14/2019,35408,48021,148816668,298439,402,0,9
1/15/2019,39538,54751,148871419,298470,511,0,19
1/16/2019,40854,56553,148927972,298510,513,0,7
1/17/2019,39417,53430,148981402,298546,463,0,14
1/18/2019,34478,47215,149028617,298574,542,0,27
1/19/2019,23933,34580,149063197,298595,865,0,28
1/20/2019,14440,19131,149082328,298616,368,0,8
1/21/2019,10392,11911,149094239,298632,141,0,5
1/22/2019,28913,37788,149132027,298665,315,0,14
1/23/2019,42028,59442,149191469,298692,526,0,10
1/24/2019,20328,27931,149219400,298721,260,0,7
1/25/2019,39298,54567,149273967,298748,621,0,21
1/26/2019,26607,38634,149312601,298778,933,0,18
1/27/2019,30338,48280,149360881,298828,1510,0,19
1/28/2019,36173,49109,149409990,298878,448,0,13
1/29/2019,31355,42066,149452056,298919,341,0,12
1/30/2019,25496,33178,149485234,298947,263,0,8
1/31/2019,18882,22917,149508151,298975,186,0,8
2/1/2019,25289,31752,149539903,298998,255,0,11
2/2/2019,22280,30802,149570705,299032,627,0,19
2/3/2019,32274,52757,149623462,299103,1743,0,24
2/4/2019,47049,73262,149696724,299172,1180,0,42
2/5/2019,54710,87917,149784641,299249,1770,0,42
2/6/2019,39616,55696,149840337,299296,754,0,27
2/7/2019,43840,62728,149903065,299341,765,0,22
2/8/2019,36964,52442,149955507,299383,864,0,22
2/9/2019,24041,33607,149989114,299409,811,0,10
2/10/2019,24434,35873,150024987,299449,935,0,6
2/11/2019,39197,54362,150079349,299493,563,0,20
2/12/2019,16044,22190,150101539,299521,150,0,4
2/13/2019,35523,48870,150150409,299551,439,0,21
2/14/2019,42313,61381,150211790,299589,773,0,26
2/15/2019,47524,74286,150286076,299633,1590,0,58
2/16/2019,31347,52760,150338836,299683,2030,0,58
2/17/2019,24287,39660,150378496,299711,1439,0,30
2/18/2019,26176,37500,150415996,299757,810,0,17
2/19/2019,35226,49024,150465020,299810,595,0,10
2/20/2019,20694,28763,150493783,299835,221,0,15
2/21/2019,40082,60375,150554158,299871,961,0,37
2/22/2019,42338,61956,150616114,299913,1097,0,49
2/23/2019,31956,49887,150666001,299956,1635,0,28
2/24/2019,24503,37473,150703474,299993,992,0,19
2/25/2019,34736,47207,150750681,300029,495,0,14
2/26/2019,38126,52805,150803486,300067,524,0,23
2/27/2019,37028,48666,150852152,300097,464,0,27
2/28/2019,38784,53031,150905183,300157,652,0,30
3/1/2019,30242,41583,150946766,300183,522,0,26
3/2/2019,18001,27381,150974147,300213,570,0,25
3/3/2019,23240,35764,151009911,300264,1115,0,22
3/4/2019,28424,39154,151049065,300319,563,0,23
3/5/2019,37103,50155,151099220,300367,552,0,24
3/6/2019,33287,42845,151142065,300409,376,0,27
3/7/2019,35913,46582,151188647,300450,468,0,15
3/8/2019,40416,55748,151244395,300503,852,0,32
3/9/2019,38929,68739,151313134,300574,3010,0,35
3/10/2019,18897,28056,151341190,300611,662,0,16
3/11/2019,52412,80705,151421895,300691,1749,0,56
3/12/2019,47214,66518,151488413,300757,1003,0,40
3/13/2019,50121,71556,151559969,300825,1194,0,42
3/14/2019,57476,86864,151646833,300904,1826,0,82
3/15/2019,57517,95073,151741906,300987,2843,0,119
3/16/2019,42144,74307,151816213,301086,3369,0,97
3/17/2019,36826,64440,151880653,301187,2755,0,73
3/18/2019,46535,68775,151949428,301278,1361,0,54
3/19/2019,52997,78320,152027748,301381,1602,0,49
3/20/2019,55396,83442,152111190,301476,1723,0,58
3/21/2019,21248,27005,152138195,301520,342,0,14
3/22/2019,35477,49691,152187886,301579,1076,0,51
3/23/2019,37379,61407,152249293,301671,2693,0,74
3/24/2019,50318,100843,152350136,301827,5896,0,79
3/25/2019,53463,79824,152429960,301952,1562,0,64
3/26/2019,55421,81425,152511385,302083,1715,0,49
3/27/2019,54483,78975,152590360,302176,1583,0,56
3/28/2019,58538,87465,152677825,302430,1966,0,87
3/29/2019,59324,91975,152769800,302587,2573,0,103
3/30/2019,66672,144759,152914559,302941,9151,0,135
3/31/2019,32768,52486,152967045,303060,1916,0,52
4/1/2019,51399,75072,153042117,303223,1466,0,76
4/2/2019,57903,83399,153125516,303386,1483,0,73
4/3/2019,67924,108780,153234296,303552,3013,0,79
4/4/2019,66403,104268,153338564,303699,2633,0,87
4/5/2019,34470,46930,153385494,303766,812,0,46
4/6/2019,66532,143054,153528548,303958,8852,0,139
4/7/2019,64713,138291,153666839,304216,8191,0,87
4/8/2019,70514,123304,153790143,304525,3804,0,89
4/9/2019,59336,86248,153876391,304677,1684,0,79
4/10/2019,70988,112985,153989376,304865,2845,0,116
4/11/2019,62430,93232,154082608,305003,2222,0,93
4/12/2019,58010,92517,154175125,305134,2811,0,118
4/13/2019,71500,159264,154334389,305362,10443,0,128
4/14/2019,58474,123470,154457859,305584,7263,0,119
4/15/2019,45663,71673,154529532,305722,1816,0,75
4/16/2019,63323,106799,154636331,305906,3197,0,134
4/17/2019,65249,109668,154745999,306077,3276,0,89
4/18/2019,61568,98909,154844908,306205,2845,0,104
4/19/2019,64939,120796,154965704,306365,5782,0,271
4/20/2019,36785,68489,155034193,306453,4049,0,115
4/21/2019,51869,114490,155148683,306647,7439,0,140
4/22/2019,44112,71869,155220552,306827,3426,0,69
4/23/2019,75443,143334,155363886,307082,5928,0,202
4/24/2019,77736,144473,155508359,307320,5868,0,135
4/25/2019,60834,101124,155609483,307484,3569,0,114
4/26/2019,37121,55000,155664483,307578,1387,0,76
4/27/2019,56442,111440,155775923,307737,7022,0,151
4/28/2019,41204,68976,155844899,307862,3338,0,87
4/29/2019,60801,98707,155943606,308020,2829,0,104
4/30/2019,62668,99225,156042831,308192,2715,0,94
5/1/2019,60904,93434,156136265,308383,2285,0,106
5/2/2019,68714,115573,156251838,308575,3763,0,171
5/3/2019,62410,100885,156352723,308738,3452,0,151
5/4/2019,56025,114113,156466836,308919,7286,0,110
5/5/2019,16169,25232,156492068,308988,802,0,16
5/6/2019,69920,121887,156613955,309187,4178,0,166
5/7/2019,72829,126637,156740592,309356,4055,0,124
5/8/2019,76398,130821,156871413,309530,4255,0,131
5/9/2019,66689,105721,156977134,309646,2851,0,130
5/10/2019,68044,114830,157091964,309790,4427,0,163
5/11/2019,69788,153674,157245638,310021,10581,0,133
5/12/2019,10730,15759,157261397,310063,475,0,9
5/13/2019,22300,29434,157290831,310141,553,0,19
5/14/2019,42783,61756,157352587,310248,1301,0,73
5/15/2019,74314,129217,157481804,310395,4484,0,140
5/16/2019,77889,139278,157621082,310590,5354,0,174
5/17/2019,72118,126992,157748074,310760,5124,0,167
5/18/2019,73143,162302,157910376,310992,11292,0,227
5/19/2019,69920,154638,158065014,311245,10321,0,193
5/20/2019,74494,133696,158198710,311495,5225,0,173
5/21/2019,79261,139284,158337994,311686,5088,0,160
5/22/2019,82021,144186,158482180,311888,5431,0,153
5/23/2019,56578,93244,158575424,312082,3527,0,121
5/24/2019,74866,141169,158716593,312276,7322,0,245
5/25/2019,59492,136772,158853365,312484,10682,0,279
5/26/2019,49950,118192,158971557,312648,9325,0,145
5/27/2019,66595,160750,159132307,312896,12124,0,136
5/28/2019,59435,97330,159229637,313092,2992,0,96
5/29/2019,55098,87647,159317284,313251,2952,0,111
5/30/2019,52484,84325,159401609,313402,2831,0,129
5/31/2019,83347,156832,159558441,313606,7586,0,261
6/1/2019,76416,164956,159723397,313815,12153,0,214
6/2/2019,67288,147247,159870644,314051,10419,0,144
6/3/2019,77678,141960,160012604,314327,6027,0,152
6/4/2019,83301,150076,160162680,314642,6422,0,168
6/5/2019,78791,134998,160297678,314889,5166,0,143
6/6/2019,81323,143619,160441297,315121,6138,0,183
6/7/2019,82908,150312,160591609,315337,7530,0,256
6/8/2019,78074,175352,160766961,315583,13831,0,206
6/9/2019,73954,167597,160934558,315861,12833,0,121
6/10/2019,37019,54769,160989327,316007,1566,0,44
